工具,匿名案例,三年窗口,资料记载,原始预测,真实方向,预测方向,完整命中,近似命中,说反次数,无法核对具体断言,套话或标签加戏,准确分85,简短总结,证据原链接
八字＋紫微,V01,2006—2008,分手 2008,2006年亲密关系较容易遇到一次现实安排上的摩擦，需要把分工与预期谈清。,感情:关系结束,事业:有变动; 感情:关系冲突; 学业:先后有不同变化; 钱财:先后有不同变化,0,0,0,1,0,0.0,事业较有变动；感情相处需磨合；学业有进有退；钱财进出并见。窗口跨到八字大运交替，阶段主题可能改变；较明确的窗口落在2006年感情。,https://www.astrology.tw/fortune-telling/marriage
八字＋紫微,V02,2015—2017,分手 2017; 开始恋爱 2017,,感情:先后有不同变化,事业:有变动; 感情:关系冲突; 学业:先后有不同变化; 钱财:先后有不同变化,0,0,0,0,0,0.0,事业较有变动；感情相处需磨合；学业有进有退；钱财进出并见。八字大运为丙申；,https://www.astrology.tw/fortune-telling/marriage
八字＋紫微,V03,2014—2016,分手 2015—2016; 开始恋爱 2015—2016,,感情:先后有不同变化,事业:有变动; 感情:关系冲突; 学业:先后有不同变化; 钱财:变差,0,0,0,0,0,0.0,事业较有变动；感情相处需磨合；学业有进有退；钱财支出/损耗偏多。八字大运为己酉；,https://www.astrology.tw/fortune-telling/marriage
八字＋紫微,V04,2016—2018,开始恋爱 2017—2018; 分手 2018,,感情:先后有不同变化,事业:有变动; 感情:关系形成/推进; 学业:先后有不同变化; 钱财:先后有不同变化,0,0,0,0,0,0.0,事业较有变动；感情有靠近机会；学业有进有退；钱财进出并见。窗口跨到八字大运交替，阶段主题可能改变；,https://www.astrology.tw/fortune-telling/marriage
八字＋紫微,V05,2016—2018,结婚 2018,,感情:关系形成/推进,事业:有变动; 感情:关系冲突; 学业:先后有不同变化; 钱财:先后有不同变化,0,0,0,0,0,0.0,事业较有变动；感情相处需磨合；学业有进有退；钱财进出并见。八字大运为癸亥；,https://www.astrology.tw/fortune-telling/marriage
八字＋紫微,V06,2016—2018,开始恋爱 2017; 分手 2018,2016年工作环境或职责较可能有一次明显调整，宜先看清岗位条件。; 2018年亲密关系较容易遇到一次现实安排上的摩擦，需要把分工与预期谈清。,感情:先后有不同变化,事业:有变动; 感情:关系冲突; 学业:先后有不同变化; 钱财:先后有不同变化,0,0,0,1,1,0.0,事业较有变动；感情相处需磨合；学业有进有退；钱财进出并见。八字大运为己巳；较明确的窗口落在2016年事业、2018年感情。,https://www.astrology.tw/fortune-telling/marriage
八字＋紫微,V07,2013—2015,开始恋爱 2013; 升学 2015,2013年亲密关系较容易遇到一次现实安排上的摩擦，需要把分工与预期谈清。,感情:关系形成/推进; 学业:学业推进,事业:有变动; 感情:关系冲突; 学业:先后有不同变化; 钱财:先后有不同变化,0,0,0,1,0,0.0,事业较有变动；感情相处需磨合；学业有进有退；钱财进出并见。八字大运为戊申；较明确的窗口落在2013年感情。,https://www.astrology.tw/fortune-telling/marriage
八字＋紫微,V08,2013—2015,开始恋爱 2015,,感情:关系形成/推进,事业:有变动; 感情:关系冲突; 学业:先后有不同变化; 钱财:先后有不同变化,0,0,0,0,0,0.0,事业较有变动；感情相处需磨合；学业有进有退；钱财进出并见。八字大运为庚申；,https://www.astrology.tw/fortune-telling/marriage
八字＋紫微,V09,2015—2017,分手 2017; 开始恋爱 2017,,感情:先后有不同变化,事业:有变动; 感情:关系冲突; 学业:先后有不同变化; 钱财:先后有不同变化,0,0,0,0,0,0.0,事业较有变动；感情相处需磨合；学业有进有退；钱财进出并见。八字大运为庚寅；,https://www.astrology.tw/fortune-telling/marriage
八字＋紫微,V10,2017—2019,分手 2019,2018年亲密关系较容易遇到一次现实安排上的摩擦，需要把分工与预期谈清。,感情:关系结束,事业:有变动; 感情:关系冲突; 学业:先后有不同变化; 钱财:变差,0,0,0,1,0,0.0,事业较有变动；感情相处需磨合；学业有进有退；钱财支出/损耗偏多。八字大运为乙未；较明确的窗口落在2018年感情。,https://www.astrology.tw/fortune-telling/marriage
八字＋紫微,V11,2013—2015,创业或生意失败 2013; 开始恋爱 2014; 亏损或负债恶化 2013; 钱财增加 2014,,事业:变差; 感情:关系形成/推进; 钱财:先后有不同变化,事业:有变动; 感情:关系冲突; 学业:先后有不同变化; 钱财:先后有不同变化,0,0,0,0,0,8.33,事业较有变动；感情相处需磨合；学业有进有退；钱财进出并见。八字大运为庚子；,https://www.wo-ow.cn/1153
八字＋紫微,V12,2019—2021,开始新工作 2020; 结婚 2020,2021年亲密关系较容易遇到一次现实安排上的摩擦，需要把分工与预期谈清。,事业:变好; 感情:关系形成/推进,事业:有变动; 感情:关系冲突; 学业:先后有不同变化; 钱财:先后有不同变化,0,0,0,1,0,0.0,事业较有变动；感情相处需磨合；学业有进有退；钱财进出并见。八字大运为甲午；较明确的窗口落在2021年感情。,https://www.wo-ow.cn/1153
八字＋紫微,V13,2021—2023,亏损或负债恶化 2022—2023,2023年亲密关系较容易遇到一次现实安排上的摩擦，需要把分工与预期谈清。,钱财:变差,事业:变好; 感情:关系冲突; 学业:先后有不同变化; 钱财:变好,0,0,1,1,0,-10.0,事业偏有进展；感情相处需磨合；学业有进有退；钱财偏有进账。八字大运为辛酉；较明确的窗口落在2023年感情。,https://www.wo-ow.cn/1153
八字＋紫微,V14,2011—2013,失业或被裁 2011; 开始新工作 2012,,事业:先后有不同变化,事业:有变动; 感情:关系冲突; 学业:先后有不同变化; 钱财:先后有不同变化,0,0,0,0,0,0.0,事业较有变动；感情相处需磨合；学业有进有退；钱财进出并见。窗口跨到八字大运交替，阶段主题可能改变；,https://www.wo-ow.cn/1153
八字＋紫微,V15,2020—2022,开始新工作 2022; 开始恋爱 2022; 毕业 2020,2020年工作环境或职责较可能有一次明显调整，宜先看清岗位条件。,事业:变好; 感情:关系形成/推进; 学业:学业推进,事业:有变动; 感情:关系冲突; 学业:先后有不同变化; 钱财:先后有不同变化,0,0,0,0,1,0.0,事业较有变动；感情相处需磨合；学业有进有退；钱财进出并见。八字大运为甲辰；较明确的窗口落在2020年事业。,https://www.wo-ow.cn/1153
八字＋紫微,V16,2007—2009,开始新工作 2007; 结婚 2009; 换工作或岗位 2008,,事业:有变动; 感情:关系形成/推进,事业:有变动; 感情:关系冲突; 学业:先后有不同变化; 钱财:先后有不同变化,0,0,0,0,0,12.5,事业较有变动；感情相处需磨合；学业有进有退；钱财进出并见。八字大运为壬辰；,https://www.wo-ow.cn/1153
八字＋紫微,V17,2021—2023,换工作或岗位 2023; 亏损或负债恶化 2023,2022年工作环境或职责较可能有一次明显调整，宜先看清岗位条件。; 2022年亲密关系较容易遇到一次现实安排上的摩擦，需要把分工与预期谈清。,事业:变好; 钱财:变差,事业:有变动; 感情:关系冲突; 学业:先后有不同变化; 钱财:先后有不同变化,0,0,0,1,1,0.0,事业较有变动；感情相处需磨合；学业有进有退；钱财进出并见。八字大运为辛巳；较明确的窗口落在2022年事业、2022年感情。,https://www.wo-ow.cn/1153
八字＋紫微,V18,2018—2020,职位提升 2020; 钱财增加 2018—2019,,事业:变好; 钱财:变好,事业:有变动; 感情:关系冲突; 学业:先后有不同变化; 钱财:先后有不同变化,0,0,0,0,0,0.0,事业较有变动；感情相处需磨合；学业有进有退；钱财进出并见。窗口跨到八字大运交替，阶段主题可能改变；,https://www.wo-ow.cn/1153
八字＋紫微,V19,2013—2015,开始创业或开公司 2015; 离婚 2015; 亏损或负债恶化 2015,,事业:有变动; 感情:关系结束; 钱财:变差,事业:有变动; 感情:关系冲突; 学业:先后有不同变化; 钱财:先后有不同变化,0,0,0,0,0,8.33,事业较有变动；感情相处需磨合；学业有进有退；钱财进出并见。窗口跨到八字大运交替，阶段主题可能改变；,https://www.wo-ow.cn/1153
八字＋紫微,V20,2021—2023,开始新工作 2023; 分手 2021,2021年工作环境或职责较可能有一次明显调整，宜先看清岗位条件。,事业:变好; 感情:关系结束,事业:有变动; 感情:关系冲突; 学业:先后有不同变化; 钱财:先后有不同变化,0,0,0,0,1,0.0,事业较有变动；感情相处需磨合；学业有进有退；钱财进出并见。窗口跨到八字大运交替，阶段主题可能改变；较明确的窗口落在2021年事业。,https://www.wo-ow.cn/1153
八字＋紫微,V21,2007—2009,开始创业或开公司 2009,,事业:变好,事业:有变动; 感情:关系冲突; 学业:先后有不同变化; 钱财:先后有不同变化,0,0,0,0,0,0.0,事业较有变动；感情相处需磨合；学业有进有退；钱财进出并见。八字大运为丙午；,https://www.wo-ow.cn/1153
八字＋紫微,V22,2005—2007,开始新工作 2007; 毕业 2006,,事业:变好; 学业:学业推进,事业:变好; 感情:关系冲突; 学业:先后有不同变化; 钱财:变好,0,0,0,0,0,12.5,事业偏有进展；感情相处需磨合；学业有进有退；钱财偏有进账。八字大运为己酉；,https://destiny.to/ubbthreads/topic/107176
八字＋紫微,V23,2021—2023,延期毕业 2022,,学业:学业受挫,事业:有变动; 感情:关系冲突; 学业:先后有不同变化; 钱财:先后有不同变化,0,0,0,0,0,0.0,事业较有变动；感情相处需磨合；学业有进有退；钱财进出并见。窗口跨到八字大运交替，阶段主题可能改变；,https://www.wo-ow.cn/1153
八字＋紫微,V24,2021—2023,开始新工作 2022; 主动辞职 2023,,事业:有变动,事业:有变动; 感情:关系冲突; 学业:先后有不同变化; 钱财:先后有不同变化,0,0,0,0,0,25.0,事业较有变动；感情相处需磨合；学业有进有退；钱财进出并见。八字大运为庚寅；,https://www.wo-ow.cn/1153
全说好事,V01,2006—2008,分手 2008,找到新工作; 开始一段恋爱; 考上学校或进入新学习阶段; 收入或投资收益增加,感情:关系结束,事业:变好; 感情:关系形成/推进; 学业:学业推进; 钱财:变好,0,0,1,3,0,-10.0,工作、感情、学业和钱财都会变好。,https://www.astrology.tw/fortune-telling/marriage
全说好事,V02,2015—2017,分手 2017; 开始恋爱 2017,找到新工作; 开始一段恋爱; 考上学校或进入新学习阶段; 收入或投资收益增加,感情:先后有不同变化,事业:变好; 感情:关系形成/推进; 学业:学业推进; 钱财:变好,1,0,0,3,0,27.75,工作、感情、学业和钱财都会变好。,https://www.astrology.tw/fortune-telling/marriage
全说好事,V03,2014—2016,分手 2015—2016; 开始恋爱 2015—2016,找到新工作; 开始一段恋爱; 考上学校或进入新学习阶段; 收入或投资收益增加,感情:先后有不同变化,事业:变好; 感情:关系形成/推进; 学业:学业推进; 钱财:变好,1,0,0,3,0,30.0,工作、感情、学业和钱财都会变好。,https://www.astrology.tw/fortune-telling/marriage
全说好事,V04,2016—2018,开始恋爱 2017—2018; 分手 2018,找到新工作; 开始一段恋爱; 考上学校或进入新学习阶段; 收入或投资收益增加,感情:先后有不同变化,事业:变好; 感情:关系形成/推进; 学业:学业推进; 钱财:变好,1,0,0,3,0,30.0,工作、感情、学业和钱财都会变好。,https://www.astrology.tw/fortune-telling/marriage
全说好事,V05,2016—2018,结婚 2018,找到新工作; 开始一段恋爱; 考上学校或进入新学习阶段; 收入或投资收益增加,感情:关系形成/推进,事业:变好; 感情:关系形成/推进; 学业:学业推进; 钱财:变好,0,1,0,3,0,52.75,工作、感情、学业和钱财都会变好。,https://www.astrology.tw/fortune-telling/marriage
全说好事,V06,2016—2018,开始恋爱 2017; 分手 2018,找到新工作; 开始一段恋爱; 考上学校或进入新学习阶段; 收入或投资收益增加,感情:先后有不同变化,事业:变好; 感情:关系形成/推进; 学业:学业推进; 钱财:变好,1,0,0,3,0,30.0,工作、感情、学业和钱财都会变好。,https://www.astrology.tw/fortune-telling/marriage
全说好事,V07,2013—2015,开始恋爱 2013; 升学 2015,找到新工作; 开始一段恋爱; 考上学校或进入新学习阶段; 收入或投资收益增加,感情:关系形成/推进; 学业:学业推进,事业:变好; 感情:关系形成/推进; 学业:学业推进; 钱财:变好,2,0,0,2,0,80.5,工作、感情、学业和钱财都会变好。,https://www.astrology.tw/fortune-telling/marriage
全说好事,V08,2013—2015,开始恋爱 2015,找到新工作; 开始一段恋爱; 考上学校或进入新学习阶段; 收入或投资收益增加,感情:关系形成/推进,事业:变好; 感情:关系形成/推进; 学业:学业推进; 钱财:变好,1,0,0,3,0,80.5,工作、感情、学业和钱财都会变好。,https://www.astrology.tw/fortune-telling/marriage
全说好事,V09,2015—2017,分手 2017; 开始恋爱 2017,找到新工作; 开始一段恋爱; 考上学校或进入新学习阶段; 收入或投资收益增加,感情:先后有不同变化,事业:变好; 感情:关系形成/推进; 学业:学业推进; 钱财:变好,1,0,0,3,0,27.75,工作、感情、学业和钱财都会变好。,https://www.astrology.tw/fortune-telling/marriage
全说好事,V10,2017—2019,分手 2019,找到新工作; 开始一段恋爱; 考上学校或进入新学习阶段; 收入或投资收益增加,感情:关系结束,事业:变好; 感情:关系形成/推进; 学业:学业推进; 钱财:变好,0,0,1,3,0,-10.0,工作、感情、学业和钱财都会变好。,https://www.astrology.tw/fortune-telling/marriage
全说好事,V11,2013—2015,创业或生意失败 2013; 开始恋爱 2014; 亏损或负债恶化 2013; 钱财增加 2014,找到新工作; 开始一段恋爱; 考上学校或进入新学习阶段; 收入或投资收益增加,事业:变差; 感情:关系形成/推进; 钱财:先后有不同变化,事业:变好; 感情:关系形成/推进; 学业:学业推进; 钱财:变好,2,0,1,1,0,35.0,工作、感情、学业和钱财都会变好。,https://www.wo-ow.cn/1153
全说好事,V12,2019—2021,开始新工作 2020; 结婚 2020,找到新工作; 开始一段恋爱; 考上学校或进入新学习阶段; 收入或投资收益增加,事业:变好; 感情:关系形成/推进,事业:变好; 感情:关系形成/推进; 学业:学业推进; 钱财:变好,1,1,0,2,0,70.0,工作、感情、学业和钱财都会变好。,https://www.wo-ow.cn/1153
全说好事,V13,2021—2023,亏损或负债恶化 2022—2023,找到新工作; 开始一段恋爱; 考上学校或进入新学习阶段; 收入或投资收益增加,钱财:变差,事业:变好; 感情:关系形成/推进; 学业:学业推进; 钱财:变好,0,0,1,3,0,-10.0,工作、感情、学业和钱财都会变好。,https://www.wo-ow.cn/1153
全说好事,V14,2011—2013,失业或被裁 2011; 开始新工作 2012,找到新工作; 开始一段恋爱; 考上学校或进入新学习阶段; 收入或投资收益增加,事业:先后有不同变化,事业:变好; 感情:关系形成/推进; 学业:学业推进; 钱财:变好,1,0,0,3,0,30.0,工作、感情、学业和钱财都会变好。,https://www.wo-ow.cn/1153
全说好事,V15,2020—2022,开始新工作 2022; 开始恋爱 2022; 毕业 2020,找到新工作; 开始一段恋爱; 考上学校或进入新学习阶段; 收入或投资收益增加,事业:变好; 感情:关系形成/推进; 学业:学业推进,事业:变好; 感情:关系形成/推进; 学业:学业推进; 钱财:变好,2,0,0,2,0,62.0,工作、感情、学业和钱财都会变好。,https://www.wo-ow.cn/1153
全说好事,V16,2007—2009,开始新工作 2007; 结婚 2009; 换工作或岗位 2008,找到新工作; 开始一段恋爱; 考上学校或进入新学习阶段; 收入或投资收益增加,事业:有变动; 感情:关系形成/推进,事业:变好; 感情:关系形成/推进; 学业:学业推进; 钱财:变好,1,1,0,2,0,40.25,工作、感情、学业和钱财都会变好。,https://www.wo-ow.cn/1153
全说好事,V17,2021—2023,换工作或岗位 2023; 亏损或负债恶化 2023,找到新工作; 开始一段恋爱; 考上学校或进入新学习阶段; 收入或投资收益增加,事业:变好; 钱财:变差,事业:变好; 感情:关系形成/推进; 学业:学业推进; 钱财:变好,0,1,1,2,0,21.38,工作、感情、学业和钱财都会变好。,https://www.wo-ow.cn/1153
全说好事,V18,2018—2020,职位提升 2020; 钱财增加 2018—2019,找到新工作; 开始一段恋爱; 考上学校或进入新学习阶段; 收入或投资收益增加,事业:变好; 钱财:变好,事业:变好; 感情:关系形成/推进; 学业:学业推进; 钱财:变好,1,0,0,3,0,55.0,工作、感情、学业和钱财都会变好。,https://www.wo-ow.cn/1153
全说好事,V19,2013—2015,开始创业或开公司 2015; 离婚 2015; 亏损或负债恶化 2015,找到新工作; 开始一段恋爱; 考上学校或进入新学习阶段; 收入或投资收益增加,事业:有变动; 感情:关系结束; 钱财:变差,事业:变好; 感情:关系形成/推进; 学业:学业推进; 钱财:变好,0,0,2,2,0,-6.67,工作、感情、学业和钱财都会变好。,https://www.wo-ow.cn/1153
全说好事,V20,2021—2023,开始新工作 2023; 分手 2021,找到新工作; 开始一段恋爱; 考上学校或进入新学习阶段; 收入或投资收益增加,事业:变好; 感情:关系结束,事业:变好; 感情:关系形成/推进; 学业:学业推进; 钱财:变好,1,0,1,2,0,35.25,工作、感情、学业和钱财都会变好。,https://www.wo-ow.cn/1153
全说好事,V21,2007—2009,开始创业或开公司 2009,找到新工作; 开始一段恋爱; 考上学校或进入新学习阶段; 收入或投资收益增加,事业:变好,事业:变好; 感情:关系形成/推进; 学业:学业推进; 钱财:变好,0,0,0,4,0,25.0,工作、感情、学业和钱财都会变好。,https://www.wo-ow.cn/1153
全说好事,V22,2005—2007,开始新工作 2007; 毕业 2006,找到新工作; 开始一段恋爱; 考上学校或进入新学习阶段; 收入或投资收益增加,事业:变好; 学业:学业推进,事业:变好; 感情:关系形成/推进; 学业:学业推进; 钱财:变好,1,0,0,3,0,52.75,工作、感情、学业和钱财都会变好。,https://destiny.to/ubbthreads/topic/107176
全说好事,V23,2021—2023,延期毕业 2022,找到新工作; 开始一段恋爱; 考上学校或进入新学习阶段; 收入或投资收益增加,学业:学业受挫,事业:变好; 感情:关系形成/推进; 学业:学业推进; 钱财:变好,0,0,1,3,0,-10.0,工作、感情、学业和钱财都会变好。,https://www.wo-ow.cn/1153
全说好事,V24,2021—2023,开始新工作 2022; 主动辞职 2023,找到新工作; 开始一段恋爱; 考上学校或进入新学习阶段; 收入或投资收益增加,事业:有变动,事业:变好; 感情:关系形成/推进; 学业:学业推进; 钱财:变好,1,0,0,3,0,30.0,工作、感情、学业和钱财都会变好。,https://www.wo-ow.cn/1153
高鑫八字,V01,2006—2008,分手 2008,2006年关系相处较容易因现实安排或立场不同发生明显摩擦。,感情:关系结束,事业:稳定; 感情:关系形成/推进; 学业:稳定; 钱财:变好,0,0,1,1,0,-10.0,壬日主四柱丁卯 庚戌 壬辰 己酉；本窗流年2006丙戌、2007丁亥、2008戊子。盘上见规则职责信号、财星收支信号，事业stable、感情forming、学业stable、钱财up；仅为传统取象。,https://www.astrology.tw/fortune-telling/marriage
高鑫八字,V02,2015—2017,分手 2017; 开始恋爱 2017,,感情:先后有不同变化,事业:稳定; 感情:先后有不同变化; 学业:学业推进; 钱财:稳定,0,0,0,0,0,25.0,戊日主四柱丙子 戊戌 戊戌 丁巳；本窗流年2015乙未、2016丙申、2017丁酉。盘上见规则职责信号、印星学习支持信号，事业stable、感情mixed、学业advance、钱财stable；仅为传统取象。,https://www.astrology.tw/fortune-telling/marriage
高鑫八字,V03,2014—2016,分手 2015—2016; 开始恋爱 2015—2016,,感情:先后有不同变化,事业:先后有不同变化; 感情:关系冲突; 学业:稳定; 钱财:先后有不同变化,0,0,0,0,0,0.0,壬日主四柱丁丑 辛亥 壬申 辛亥；本窗流年2014甲午、2015乙未、2016丙申。盘上见财星收支信号、食伤表达变化信号，事业mixed、感情conflict、学业stable、钱财mixed；仅为传统取象。,https://www.astrology.tw/fortune-telling/marriage
高鑫八字,V04,2016—2018,开始恋爱 2017—2018; 分手 2018,2018年关系相处较容易因现实安排或立场不同发生明显摩擦。,感情:先后有不同变化,事业:稳定; 感情:稳定; 学业:学业推进; 钱财:稳定,0,0,0,1,0,0.0,戊日主四柱乙亥 乙酉 戊辰 癸亥；本窗流年2016丙申、2017丁酉、2018戊戌。盘上见印星学习支持信号，事业stable、感情stable、学业advance、钱财stable；仅为传统取象。,https://www.astrology.tw/fortune-telling/marriage
高鑫八字,V05,2016—2018,结婚 2018,,感情:关系形成/推进,事业:稳定; 感情:稳定; 学业:学业推进; 钱财:稳定,0,0,0,0,0,0.0,己日主四柱癸酉 辛酉 己亥 丙子；本窗流年2016丙申、2017丁酉、2018戊戌。盘上见印星学习支持信号，事业stable、感情stable、学业advance、钱财stable；仅为传统取象。,https://www.astrology.tw/fortune-telling/marriage
高鑫八字,V06,2016—2018,开始恋爱 2017; 分手 2018,2018年关系相处较容易因现实安排或立场不同发生明显摩擦。,感情:先后有不同变化,事业:先后有不同变化; 感情:稳定; 学业:稳定; 钱财:稳定,0,0,0,1,0,0.0,丙日主四柱己巳 丙寅 丙辰 己丑；本窗流年2016丙申、2017丁酉、2018戊戌。盘上见食伤表达变化信号，事业mixed、感情stable、学业stable、钱财stable；仅为传统取象。,https://www.astrology.tw/fortune-telling/marriage
高鑫八字,V07,2013—2015,开始恋爱 2013; 升学 2015,2013年关系相处较容易因现实安排或立场不同发生明显摩擦。,感情:关系形成/推进; 学业:学业推进,事业:先后有不同变化; 感情:稳定; 学业:稳定; 钱财:稳定,0,0,0,1,0,0.0,癸日主四柱壬申 丙午 癸亥 戊午；本窗流年2013癸巳、2014甲午、2015乙未。盘上见食伤表达变化信号，事业mixed、感情stable、学业stable、钱财stable；仅为传统取象。,https://www.astrology.tw/fortune-telling/marriage
高鑫八字,V08,2013—2015,开始恋爱 2015,,感情:关系形成/推进,事业:变好; 感情:先后有不同变化; 学业:稳定; 钱财:先后有不同变化,0,0,0,0,0,0.0,戊日主四柱癸酉 壬戌 戊寅 乙卯；本窗流年2013癸巳、2014甲午、2015乙未。盘上见规则职责信号、财星收支信号，事业up、感情mixed、学业stable、钱财mixed；仅为传统取象。,https://www.astrology.tw/fortune-telling/marriage
高鑫八字,V09,2015—2017,分手 2017; 开始恋爱 2017,,感情:先后有不同变化,事业:先后有不同变化; 感情:稳定; 学业:稳定; 钱财:变好,0,0,0,0,0,0.0,壬日主四柱乙亥 戊子 壬辰 辛亥；本窗流年2015乙未、2016丙申、2017丁酉。盘上见财星收支信号、食伤表达变化信号，事业mixed、感情stable、学业stable、钱财up；仅为传统取象。,https://www.astrology.tw/fortune-telling/marriage
高鑫八字,V10,2017—2019,分手 2019,2018年关系相处较容易因现实安排或立场不同发生明显摩擦。,感情:关系结束,事业:稳定; 感情:稳定; 学业:先后有不同变化; 钱财:稳定,0,0,1,1,0,-10.0,戊日主四柱丙子 丁酉 戊辰 癸亥；本窗流年2017丁酉、2018戊戌、2019己亥。盘上见印星学习支持信号，事业stable、感情stable、学业mixed、钱财stable；仅为传统取象。,https://www.astrology.tw/fortune-telling/marriage
高鑫八字,V11,2013—2015,创业或生意失败 2013; 开始恋爱 2014; 亏损或负债恶化 2013; 钱财增加 2014,,事业:变差; 感情:关系形成/推进; 钱财:先后有不同变化,事业:无法判断; 感情:无法判断; 学业:无法判断; 钱财:无法判断,0,0,0,0,0,0.0,此配置未能为这份出生资料形成可用原生盘，无法判断窗口内四方面变化。,https://www.wo-ow.cn/1153
高鑫八字,V12,2019—2021,开始新工作 2020; 结婚 2020,,事业:变好; 感情:关系形成/推进,事业:无法判断; 感情:无法判断; 学业:无法判断; 钱财:无法判断,0,0,0,0,0,0.0,此配置未能为这份出生资料形成可用原生盘，无法判断窗口内四方面变化。,https://www.wo-ow.cn/1153
高鑫八字,V13,2021—2023,亏损或负债恶化 2022—2023,,钱财:变差,事业:无法判断; 感情:无法判断; 学业:无法判断; 钱财:无法判断,0,0,0,0,0,0.0,此配置未能为这份出生资料形成可用原生盘，无法判断窗口内四方面变化。,https://www.wo-ow.cn/1153
高鑫八字,V14,2011—2013,失业或被裁 2011; 开始新工作 2012,,事业:先后有不同变化,事业:无法判断; 感情:无法判断; 学业:无法判断; 钱财:无法判断,0,0,0,0,0,0.0,此配置未能为这份出生资料形成可用原生盘，无法判断窗口内四方面变化。,https://www.wo-ow.cn/1153
高鑫八字,V15,2020—2022,开始新工作 2022; 开始恋爱 2022; 毕业 2020,,事业:变好; 感情:关系形成/推进; 学业:学业推进,事业:无法判断; 感情:无法判断; 学业:无法判断; 钱财:无法判断,0,0,0,0,0,0.0,此配置未能为这份出生资料形成可用原生盘，无法判断窗口内四方面变化。,https://www.wo-ow.cn/1153
高鑫八字,V16,2007—2009,开始新工作 2007; 结婚 2009; 换工作或岗位 2008,,事业:有变动; 感情:关系形成/推进,事业:无法判断; 感情:无法判断; 学业:无法判断; 钱财:无法判断,0,0,0,0,0,0.0,此配置未能为这份出生资料形成可用原生盘，无法判断窗口内四方面变化。,https://www.wo-ow.cn/1153
高鑫八字,V17,2021—2023,换工作或岗位 2023; 亏损或负债恶化 2023,,事业:变好; 钱财:变差,事业:无法判断; 感情:无法判断; 学业:无法判断; 钱财:无法判断,0,0,0,0,0,0.0,此配置未能为这份出生资料形成可用原生盘，无法判断窗口内四方面变化。,https://www.wo-ow.cn/1153
高鑫八字,V18,2018—2020,职位提升 2020; 钱财增加 2018—2019,,事业:变好; 钱财:变好,事业:无法判断; 感情:无法判断; 学业:无法判断; 钱财:无法判断,0,0,0,0,0,0.0,此配置未能为这份出生资料形成可用原生盘，无法判断窗口内四方面变化。,https://www.wo-ow.cn/1153
高鑫八字,V19,2013—2015,开始创业或开公司 2015; 离婚 2015; 亏损或负债恶化 2015,,事业:有变动; 感情:关系结束; 钱财:变差,事业:无法判断; 感情:无法判断; 学业:无法判断; 钱财:无法判断,0,0,0,0,0,0.0,此配置未能为这份出生资料形成可用原生盘，无法判断窗口内四方面变化。,https://www.wo-ow.cn/1153
高鑫八字,V20,2021—2023,开始新工作 2023; 分手 2021,,事业:变好; 感情:关系结束,事业:无法判断; 感情:无法判断; 学业:无法判断; 钱财:无法判断,0,0,0,0,0,0.0,此配置未能为这份出生资料形成可用原生盘，无法判断窗口内四方面变化。,https://www.wo-ow.cn/1153
高鑫八字,V21,2007—2009,开始创业或开公司 2009,,事业:变好,事业:无法判断; 感情:无法判断; 学业:无法判断; 钱财:无法判断,0,0,0,0,0,0.0,此配置未能为这份出生资料形成可用原生盘，无法判断窗口内四方面变化。,https://www.wo-ow.cn/1153
高鑫八字,V22,2005—2007,开始新工作 2007; 毕业 2006,,事业:变好; 学业:学业推进,事业:无法判断; 感情:无法判断; 学业:无法判断; 钱财:无法判断,0,0,0,0,0,0.0,此配置未能为这份出生资料形成可用原生盘，无法判断窗口内四方面变化。,https://destiny.to/ubbthreads/topic/107176
高鑫八字,V23,2021—2023,延期毕业 2022,,学业:学业受挫,事业:无法判断; 感情:无法判断; 学业:无法判断; 钱财:无法判断,0,0,0,0,0,0.0,此配置未能为这份出生资料形成可用原生盘，无法判断窗口内四方面变化。,https://www.wo-ow.cn/1153
高鑫八字,V24,2021—2023,开始新工作 2022; 主动辞职 2023,,事业:有变动,事业:无法判断; 感情:无法判断; 学业:无法判断; 钱财:无法判断,0,0,0,0,0,0.0,此配置未能为这份出生资料形成可用原生盘，无法判断窗口内四方面变化。,https://www.wo-ow.cn/1153
Horosa,V01,2006—2008,分手 2008,2006年关系相处较容易因现实安排或立场不同发生明显摩擦。,感情:关系结束,事业:稳定; 感情:关系形成/推进; 学业:稳定; 钱财:变好,0,0,1,1,0,-10.0,壬日主四柱丁卯 庚戌 壬辰 己酉；本窗流年2006丙戌、2007丁亥、2008戊子。盘上见官杀职责、财星收支，事业stable、感情forming、学业stable、钱财up；仅作传统取象。,https://www.astrology.tw/fortune-telling/marriage
Horosa,V02,2015—2017,分手 2017; 开始恋爱 2017,,感情:先后有不同变化,事业:稳定; 感情:先后有不同变化; 学业:学业推进; 钱财:稳定,0,0,0,0,0,25.0,戊日主四柱丙子 戊戌 戊戌 丁巳；本窗流年2015乙未、2016丙申、2017丁酉。盘上见官杀职责、印星学习，事业stable、感情mixed、学业advance、钱财stable；仅作传统取象。,https://www.astrology.tw/fortune-telling/marriage
Horosa,V03,2014—2016,分手 2015—2016; 开始恋爱 2015—2016,,感情:先后有不同变化,事业:先后有不同变化; 感情:关系冲突; 学业:稳定; 钱财:先后有不同变化,0,0,0,0,0,0.0,壬日主四柱丁丑 辛亥 壬申 辛亥；本窗流年2014甲午、2015乙未、2016丙申。盘上见财星收支、食伤表达，事业mixed、感情conflict、学业stable、钱财mixed；仅作传统取象。,https://www.astrology.tw/fortune-telling/marriage
Horosa,V04,2016—2018,开始恋爱 2017—2018; 分手 2018,,感情:先后有不同变化,事业:无法判断; 感情:无法判断; 学业:无法判断; 钱财:无法判断,0,0,0,0,0,0.0,此配置未能为这份出生资料形成可用原生盘，无法判断窗口内四方面变化。,https://www.astrology.tw/fortune-telling/marriage
Horosa,V05,2016—2018,结婚 2018,,感情:关系形成/推进,事业:稳定; 感情:稳定; 学业:学业推进; 钱财:稳定,0,0,0,0,0,0.0,己日主四柱癸酉 辛酉 己亥 丙子；本窗流年2016丙申、2017丁酉、2018戊戌。盘上见印星学习，事业stable、感情stable、学业advance、钱财stable；仅作传统取象。,https://www.astrology.tw/fortune-telling/marriage
Horosa,V06,2016—2018,开始恋爱 2017; 分手 2018,2018年关系相处较容易因现实安排或立场不同发生明显摩擦。,感情:先后有不同变化,事业:先后有不同变化; 感情:稳定; 学业:稳定; 钱财:稳定,0,0,0,1,0,0.0,丙日主四柱己巳 丙寅 丙辰 己丑；本窗流年2016丙申、2017丁酉、2018戊戌。盘上见食伤表达，事业mixed、感情stable、学业stable、钱财stable；仅作传统取象。,https://www.astrology.tw/fortune-telling/marriage
Horosa,V07,2013—2015,开始恋爱 2013; 升学 2015,2013年关系相处较容易因现实安排或立场不同发生明显摩擦。,感情:关系形成/推进; 学业:学业推进,事业:先后有不同变化; 感情:稳定; 学业:稳定; 钱财:稳定,0,0,0,1,0,0.0,癸日主四柱壬申 丙午 癸亥 戊午；本窗流年2013癸巳、2014甲午、2015乙未。盘上见食伤表达，事业mixed、感情stable、学业stable、钱财stable；仅作传统取象。,https://www.astrology.tw/fortune-telling/marriage
Horosa,V08,2013—2015,开始恋爱 2015,,感情:关系形成/推进,事业:变好; 感情:先后有不同变化; 学业:稳定; 钱财:先后有不同变化,0,0,0,0,0,0.0,戊日主四柱癸酉 壬戌 戊寅 乙卯；本窗流年2013癸巳、2014甲午、2015乙未。盘上见官杀职责、财星收支，事业up、感情mixed、学业stable、钱财mixed；仅作传统取象。,https://www.astrology.tw/fortune-telling/marriage
Horosa,V09,2015—2017,分手 2017; 开始恋爱 2017,,感情:先后有不同变化,事业:无法判断; 感情:无法判断; 学业:无法判断; 钱财:无法判断,0,0,0,0,0,0.0,此配置未能为这份出生资料形成可用原生盘，无法判断窗口内四方面变化。,https://www.astrology.tw/fortune-telling/marriage
Horosa,V10,2017—2019,分手 2019,2018年关系相处较容易因现实安排或立场不同发生明显摩擦。,感情:关系结束,事业:稳定; 感情:稳定; 学业:先后有不同变化; 钱财:稳定,0,0,1,1,0,-10.0,戊日主四柱丙子 丁酉 戊辰 癸亥；本窗流年2017丁酉、2018戊戌、2019己亥。盘上见印星学习，事业stable、感情stable、学业mixed、钱财stable；仅作传统取象。,https://www.astrology.tw/fortune-telling/marriage
Horosa,V11,2013—2015,创业或生意失败 2013; 开始恋爱 2014; 亏损或负债恶化 2013; 钱财增加 2014,,事业:变差; 感情:关系形成/推进; 钱财:先后有不同变化,事业:无法判断; 感情:无法判断; 学业:无法判断; 钱财:无法判断,0,0,0,0,0,0.0,此配置未能为这份出生资料形成可用原生盘，无法判断窗口内四方面变化。,https://www.wo-ow.cn/1153
Horosa,V12,2019—2021,开始新工作 2020; 结婚 2020,,事业:变好; 感情:关系形成/推进,事业:无法判断; 感情:无法判断; 学业:无法判断; 钱财:无法判断,0,0,0,0,0,0.0,此配置未能为这份出生资料形成可用原生盘，无法判断窗口内四方面变化。,https://www.wo-ow.cn/1153
Horosa,V13,2021—2023,亏损或负债恶化 2022—2023,,钱财:变差,事业:无法判断; 感情:无法判断; 学业:无法判断; 钱财:无法判断,0,0,0,0,0,0.0,此配置未能为这份出生资料形成可用原生盘，无法判断窗口内四方面变化。,https://www.wo-ow.cn/1153
Horosa,V14,2011—2013,失业或被裁 2011; 开始新工作 2012,,事业:先后有不同变化,事业:无法判断; 感情:无法判断; 学业:无法判断; 钱财:无法判断,0,0,0,0,0,0.0,此配置未能为这份出生资料形成可用原生盘，无法判断窗口内四方面变化。,https://www.wo-ow.cn/1153
Horosa,V15,2020—2022,开始新工作 2022; 开始恋爱 2022; 毕业 2020,,事业:变好; 感情:关系形成/推进; 学业:学业推进,事业:无法判断; 感情:无法判断; 学业:无法判断; 钱财:无法判断,0,0,0,0,0,0.0,此配置未能为这份出生资料形成可用原生盘，无法判断窗口内四方面变化。,https://www.wo-ow.cn/1153
Horosa,V16,2007—2009,开始新工作 2007; 结婚 2009; 换工作或岗位 2008,,事业:有变动; 感情:关系形成/推进,事业:无法判断; 感情:无法判断; 学业:无法判断; 钱财:无法判断,0,0,0,0,0,0.0,此配置未能为这份出生资料形成可用原生盘，无法判断窗口内四方面变化。,https://www.wo-ow.cn/1153
Horosa,V17,2021—2023,换工作或岗位 2023; 亏损或负债恶化 2023,,事业:变好; 钱财:变差,事业:无法判断; 感情:无法判断; 学业:无法判断; 钱财:无法判断,0,0,0,0,0,0.0,此配置未能为这份出生资料形成可用原生盘，无法判断窗口内四方面变化。,https://www.wo-ow.cn/1153
Horosa,V18,2018—2020,职位提升 2020; 钱财增加 2018—2019,,事业:变好; 钱财:变好,事业:无法判断; 感情:无法判断; 学业:无法判断; 钱财:无法判断,0,0,0,0,0,0.0,此配置未能为这份出生资料形成可用原生盘，无法判断窗口内四方面变化。,https://www.wo-ow.cn/1153
Horosa,V19,2013—2015,开始创业或开公司 2015; 离婚 2015; 亏损或负债恶化 2015,,事业:有变动; 感情:关系结束; 钱财:变差,事业:无法判断; 感情:无法判断; 学业:无法判断; 钱财:无法判断,0,0,0,0,0,0.0,此配置未能为这份出生资料形成可用原生盘，无法判断窗口内四方面变化。,https://www.wo-ow.cn/1153
Horosa,V20,2021—2023,开始新工作 2023; 分手 2021,,事业:变好; 感情:关系结束,事业:无法判断; 感情:无法判断; 学业:无法判断; 钱财:无法判断,0,0,0,0,0,0.0,此配置未能为这份出生资料形成可用原生盘，无法判断窗口内四方面变化。,https://www.wo-ow.cn/1153
Horosa,V21,2007—2009,开始创业或开公司 2009,,事业:变好,事业:无法判断; 感情:无法判断; 学业:无法判断; 钱财:无法判断,0,0,0,0,0,0.0,此配置未能为这份出生资料形成可用原生盘，无法判断窗口内四方面变化。,https://www.wo-ow.cn/1153
Horosa,V22,2005—2007,开始新工作 2007; 毕业 2006,,事业:变好; 学业:学业推进,事业:先后有不同变化; 感情:稳定; 学业:稳定; 钱财:稳定,0,0,0,0,0,0.0,甲日主四柱壬戌 丙午 甲申 辛未；本窗流年2005乙酉、2006丙戌、2007丁亥。盘上见食伤表达，事业mixed、感情stable、学业stable、钱财stable；仅作传统取象。,https://destiny.to/ubbthreads/topic/107176
Horosa,V23,2021—2023,延期毕业 2022,,学业:学业受挫,事业:无法判断; 感情:无法判断; 学业:无法判断; 钱财:无法判断,0,0,0,0,0,0.0,此配置未能为这份出生资料形成可用原生盘，无法判断窗口内四方面变化。,https://www.wo-ow.cn/1153
Horosa,V24,2021—2023,开始新工作 2022; 主动辞职 2023,,事业:有变动,事业:无法判断; 感情:无法判断; 学业:无法判断; 钱财:无法判断,0,0,0,0,0,0.0,此配置未能为这份出生资料形成可用原生盘，无法判断窗口内四方面变化。,https://www.wo-ow.cn/1153
金辰八字,V01,2006—2008,分手 2008,2006前后更像因岗位或团队调整而换一处工作环境，变化伴随责任增加。; 2006感情里容易因现实安排或固执争执，关系需要重新谈边界。,感情:关系结束,事业:有变动; 感情:关系冲突; 学业:稳定; 钱财:先后有不同变化,0,0,0,2,0,0.0,这三年重心偏现实安排：工作有调整，感情也容易被现实议题牵动；学业和钱财没有足够强的单年信号。,https://www.astrology.tw/fortune-telling/marriage
金辰八字,V02,2015—2017,分手 2017; 开始恋爱 2017,2016前后适合进入一段更系统的学习或培训，能靠重复练习见到进步。; 2017更像通过同学或日常往来认识对象，关系慢热但有机会确认。,感情:先后有不同变化,事业:稳定; 感情:关系形成/推进; 学业:学业推进; 钱财:先后有不同变化,1,0,0,0,1,30.0,这段时间先把学习或技能打牢，社交缘分后置到2017附近；收入不宜按突然大涨来想。,https://www.astrology.tw/fortune-telling/marriage
金辰八字,V03,2014—2016,分手 2015—2016; 开始恋爱 2015—2016,2016前后工作或实习方向有一次转弯，更多是换职责、换团队，不像骤然失业。; 2014附近适合开始一项较正式的课程、资格准备或技能训练。,感情:先后有不同变化,事业:有变动; 感情:先后有不同变化; 学业:学业推进; 钱财:稳定,0,0,0,1,1,25.0,三年里先学习积累、后调整岗位的节奏更明显。感情有来往但不够像稳定定局，钱财以持平为主。,https://www.astrology.tw/fortune-telling/marriage
金辰八字,V04,2016—2018,开始恋爱 2017—2018; 分手 2018,2017前后岗位、团队或工作方式容易变动，旧做法不再顺手，宜主动适应新分工。; 2018关系里现实分配和时间安排较容易谈不拢，需把承诺说清。,感情:先后有不同变化,事业:有变动; 感情:关系冲突; 学业:先后有不同变化; 钱财:先后有不同变化,0,0,0,2,0,0.0,事业先有调整再遇沟通磨合；学习和财务都更像边做边改，暂不宜把单一信号说成大好或大坏。,https://www.astrology.tw/fortune-telling/marriage
金辰八字,V05,2016—2018,结婚 2018,2017附近更容易因做事利落、能接任务而被看见，出现职责扩大或小幅晋升。; 2018钱财更像靠稳定工作或已有技能增加，不像投机暴利。,感情:关系形成/推进,事业:变好; 感情:稳定; 学业:学业推进; 钱财:变好,0,0,0,2,0,0.0,事业学习的积累较能兑现，钱财有缓步改善倾向；感情没有明显冲合到足以断成确定事件。,https://www.astrology.tw/fortune-telling/marriage
金辰八字,V06,2016—2018,开始恋爱 2017; 分手 2018,2018前后工作内容可能重排或转换赛道，选择时要看长期技能能否接上。; 2016有一笔较明显的必要支出或收入波动，避免替人担保和冲动投入。,感情:先后有不同变化,事业:有变动; 感情:先后有不同变化; 学业:学业推进; 钱财:变差,0,0,0,2,0,25.0,工作有重组的味道，学习能力能帮你接住变化；财务先守住底线，感情较像普通磨合。,https://www.astrology.tw/fortune-telling/marriage
金辰八字,V07,2013—2015,开始恋爱 2013; 升学 2015,2013感情中容易因节奏或责任不均发生争执，旧问题可能被翻出来谈。; 2014前后不宜同时承担过多家庭或工作开销，钱容易因责任性支出变紧。,感情:关系形成/推进; 学业:学业推进,事业:先后有不同变化; 感情:关系冲突; 学业:稳定; 钱财:变差,0,0,0,2,0,0.0,2013关系和生活节奏较易起波动，2014财务压力感更明显；事业则是有任务但不宜轻言大升。,https://www.astrology.tw/fortune-telling/marriage
金辰八字,V08,2013—2015,开始恋爱 2015,2014附近工作或实习中更容易接到能展示能力的任务，表现后有机会扩大职责。; 2015更像从熟人、同学或工作往来发展出一段关系。,感情:关系形成/推进,事业:变好; 感情:关系形成/推进; 学业:学业推进; 钱财:变好,1,0,0,0,1,85.0,工作学习以向上积累为主，2015的人际缘分较活跃；收入略有改善但仍靠投入换来。,https://www.astrology.tw/fortune-telling/marriage
金辰八字,V09,2015—2017,分手 2017; 开始恋爱 2017,2016前后岗位、上级或合作方式容易变动，先观察再决定是否离开。; 2015关系里容易出现一方忙、另一方觉得被冷落的摩擦。,感情:先后有不同变化,事业:有变动; 感情:先后有不同变化; 学业:稳定; 钱财:先后有不同变化,0,0,0,2,0,25.0,这三年关系和工作都有人际牵动，但更像磨合和选择，不足以直接断婚分；财务保持谨慎。,https://www.astrology.tw/fortune-telling/marriage
金辰八字,V10,2017—2019,分手 2019,2017附近适合报读新课程或补一项职业技能，前期投入多、后面更有用。; 2019可能从学习过渡到工作职责变化，争取更适合长期发展的岗位。,感情:关系结束,事业:有变动; 感情:先后有不同变化; 学业:学业推进; 钱财:先后有不同变化,0,0,0,0,2,0.0,学习提升的信号比感情定局更清楚，2019可把能力转成岗位变化；钱财先投入后回收。,https://www.astrology.tw/fortune-telling/marriage
金辰八字,V11,2013—2015,创业或生意失败 2013; 开始恋爱 2014; 亏损或负债恶化 2013; 钱财增加 2014,2013前后更像开始一份工作或承担明确职责，靠执行和结果站稳。; 2015收入有机会因项目或责任增加而改善，但伴随忙碌。,事业:变差; 感情:关系形成/推进; 钱财:先后有不同变化,事业:变好; 感情:先后有不同变化; 学业:学业推进; 钱财:变好,1,0,1,0,0,10.54,工作和收入有渐进改善机会，学习重在实践；感情方面吸引与压力并存，暂不断成稳定婚恋事件。,https://www.wo-ow.cn/1153
金辰八字,V12,2019—2021,开始新工作 2020; 结婚 2020,2020前后工作内容或合作对象可能调整，宜靠专业输出争取更自主的位置。; 2019适合补基础、考证或系统整理一项已经在做的技能。,事业:变好; 感情:关系形成/推进,事业:有变动; 感情:稳定; 学业:学业推进; 钱财:先后有不同变化,0,0,0,0,2,0.0,事业先遇调整，学习能为后续工作提供支撑；财务有进有出，感情整体偏平。,https://www.wo-ow.cn/1153
金辰八字,V13,2021—2023,亏损或负债恶化 2022—2023,2022前后更容易因专业可靠被交付关键任务，职务未必立刻变，但影响力会增加。; 2023适合完成一项长期学习、资格或作品收尾。,钱财:变差,事业:变好; 感情:先后有不同变化; 学业:学业推进; 钱财:稳定,0,0,1,0,2,-10.0,工作责任提高、学习能见成果；感情的年份信号没有工作清晰，钱财宜按稳定收入安排。,https://www.wo-ow.cn/1153
金辰八字,V14,2011—2013,失业或被裁 2011; 开始新工作 2012,2013工作或实习方向可能经历一次调整，适合从零散尝试转到更清楚的分工。; 2012附近社交圈中较容易出现能认真交往的人，关系靠共同安排推进。,事业:先后有不同变化,事业:有变动; 感情:关系形成/推进; 学业:学业推进; 钱财:先后有不同变化,0,1,0,1,0,13.88,这一窗口里先试新方向，再谈关系如何落地；学习有推进，收入尚有波动。,https://www.wo-ow.cn/1153
金辰八字,V15,2020—2022,开始新工作 2022; 开始恋爱 2022; 毕业 2020,2022前后会认真考虑换岗或换团队，宜选能沉淀经验的方向。; 2021更要防计划外支出挤压预算，不宜把短期进账当成稳定收入。,事业:变好; 感情:关系形成/推进; 学业:学业推进,事业:有变动; 感情:先后有不同变化; 学业:学业推进; 钱财:变差,0,0,0,1,1,8.33,学习仍有进步空间，事业变化的念头在后段增强；2021钱财先紧后稳，关系以磨合为主。,https://www.wo-ow.cn/1153
金辰八字,V16,2007—2009,开始新工作 2007; 结婚 2009; 换工作或岗位 2008,2008适合在学业上集中补短板，按计划完成阶段目标的机会较高。; 2009家人或同伴对选择的意见容易让你烦，沟通时先说自己的打算。,事业:有变动; 感情:关系形成/推进,事业:稳定; 感情:先后有不同变化; 学业:学业推进; 钱财:先后有不同变化,0,0,0,1,1,0.0,学业是三年里相对明确的主线，工作财务暂无强烈定性；后段更要留意现实安排带来的关系摩擦。,https://www.wo-ow.cn/1153
金辰八字,V17,2021—2023,换工作或岗位 2023; 亏损或负债恶化 2023,2023容易因边界、信任或时间分配产生一次明显争执，关系需要明确规则。; 2022职场合作关系或工作方式会变，适合调整分工，不宜只凭情绪辞职。,事业:变好; 钱财:变差,事业:有变动; 感情:关系冲突; 学业:稳定; 钱财:先后有不同变化,0,0,0,1,1,0.0,2022先动工作合作，2023人际感情的冲突更突出；学业和财务暂时以守成为宜。,https://www.wo-ow.cn/1153
金辰八字,V18,2018—2020,职位提升 2020; 钱财增加 2018—2019,2020前后岗位或所在团队有调整机会，调整多由组织安排或现实需要推动。; 2018更适合控制大额开支，尤其不要因同伴邀约仓促垫钱。,事业:变好; 钱财:变好,事业:有变动; 感情:先后有不同变化; 学业:稳定; 钱财:先后有不同变化,0,0,0,1,0,0.0,事业的变化集中在后段，财务前段宜守；感情有交流但稳定程度取决于现实安排。,https://www.wo-ow.cn/1153
金辰八字,V19,2013—2015,开始创业或开公司 2015; 离婚 2015; 亏损或负债恶化 2015,2014前后有机会因经验或执行能力被提到更重要的位置，像职责扩大而非一夜跃升。; 2015容易通过日常往来结识合适对象，关系推进节奏较慢但较务实。,事业:有变动; 感情:关系结束; 钱财:变差,事业:变好; 感情:关系形成/推进; 学业:稳定; 钱财:变好,0,0,2,1,1,-6.67,事业和收入更偏稳步积累，感情机会落在后段；学习不是本窗口主轴。,https://www.wo-ow.cn/1153
金辰八字,V20,2021—2023,开始新工作 2023; 分手 2021,2023工作内容或团队合作可能调整，变动里有重新分配任务的成分。; 2023关系中容易因误解或说话方式升级争执，先确认事实再下判断。,事业:变好; 感情:关系结束,事业:先后有不同变化; 感情:关系冲突; 学业:学业推进; 钱财:先后有不同变化,0,0,0,1,1,0.0,学习仍能推进，但2023工作和关系同时容易被人际摩擦带动；财务避免跟着情绪决策。,https://www.wo-ow.cn/1153
金辰八字,V21,2007—2009,开始创业或开公司 2009,2008适合把一项课程或技能学扎实，阶段成绩比前一年更容易稳定。; 2009家庭安排或现实压力可能影响关系相处，需避免把不满憋着。,事业:变好,事业:稳定; 感情:先后有不同变化; 学业:学业推进; 钱财:先后有不同变化,0,0,0,1,1,0.0,学习是较强主线，工作和钱财缺少可断的大幅变化；后一年现实责任可能挤压相处时间。,https://www.wo-ow.cn/1153
金辰八字,V22,2005—2007,开始新工作 2007; 毕业 2006,2007前后有机会开始一段较正式的工作、实习或职责实践，靠表现逐步站稳。; 2006关系或合作上容易有争执，尤其双方对规则和责任理解不一致。,事业:变好; 学业:学业推进,事业:稳定; 感情:关系冲突; 学业:学业推进; 钱财:先后有不同变化,1,0,0,1,0,42.5,学习与实践逐步接轨，2006先磨合规则、2007更适合承担职责；钱财尚未显著定型。,https://destiny.to/ubbthreads/topic/107176
金辰八字,V23,2021—2023,延期毕业 2022,2022工作方向可能调整，外出、团队或任务变化比单纯升职更像主线。; 2023收支容易受计划外责任影响，先保留应急金再做大额决定。,学业:学业受挫,事业:有变动; 感情:先后有不同变化; 学业:学业推进; 钱财:变差,0,0,1,2,0,-10.0,学习和技能可继续积累，但外部变化较多；事业宜顺势调整，钱财要防支出冲击。,https://www.wo-ow.cn/1153
金辰八字,V24,2021—2023,开始新工作 2022; 主动辞职 2023,2022更像被交付重要任务或在团队中承担更多责任，靠稳定执行换来认可。; 2023适合完成一项考试、作品或资格目标，过程紧但能靠持续投入收尾。,事业:有变动,事业:变好; 感情:先后有不同变化; 学业:学业推进; 钱财:先后有不同变化,0,0,0,1,1,0.0,事业责任和学习成果都能往前推，钱财随投入有进有出；感情缺少明显的定局信号。,https://www.wo-ow.cn/1153
太卜·六爻,V01,2006—2008,分手 2008,后段工作安排可能收缩或改组，宜先稳住手头职责。,感情:关系结束,事业:先后有不同变化; 感情:无法判断; 学业:无法判断; 钱财:稳定,0,0,0,0,1,0.0,整体先求稳，后段事业有收紧、责任加重的迹象；感情、学业和钱财的具体事件盘面不足以定。,https://www.astrology.tw/fortune-telling/marriage
太卜·六爻,V02,2015—2017,分手 2017; 开始恋爱 2017,工作内容或职责有调整，较像重新分工，未必升职。; 学习或考试计划容易被手续、安排拖慢。,感情:先后有不同变化,事业:有变动; 感情:无法判断; 学业:先后有不同变化; 钱财:先后有不同变化,0,0,0,1,1,0.0,三年里工作安排有变动，学习计划可能受手续或时间安排牵制；感情和财务没有足够证据断具体事件。,https://www.astrology.tw/fortune-telling/marriage
太卜·六爻,V03,2014—2016,分手 2015—2016; 开始恋爱 2015—2016,原定学习进度可能延后，临近收尾仍需补课或补材料。,感情:先后有不同变化,事业:先后有不同变化; 感情:无法判断; 学业:先后有不同变化; 钱财:无法判断,0,0,0,1,0,0.0,盘面有“未济”与动空，事情推进不够利落；学习进度较易延迟，其他领域难据此断成具体事件。,https://www.astrology.tw/fortune-telling/marriage
太卜·六爻,V04,2016—2018,开始恋爱 2017—2018; 分手 2018,某项手续、课程或项目的收尾可能拖延。,感情:先后有不同变化,事业:稳定; 感情:稳定; 学业:先后有不同变化; 钱财:稳定,0,0,0,1,0,0.0,整体以守成居多，学习或文书项目后段有拖延；没有明显证据支持工作、感情或财务的大变。,https://www.astrology.tw/fortune-telling/marriage
太卜·六爻,V05,2016—2018,结婚 2018,财务上要留意一笔支出或回款不如预期。,感情:关系形成/推进,事业:无法判断; 感情:无法判断; 学业:无法判断; 钱财:先后有不同变化,0,0,0,1,0,0.0,有一项钱款或支出需要谨慎，事业、感情、学业没有清晰事件可断。,https://www.astrology.tw/fortune-telling/marriage
太卜·六爻,V06,2016—2018,开始恋爱 2017; 分手 2018,工作方向可能出现调整，但变动结果暂时落不实。,感情:先后有不同变化,事业:先后有不同变化; 感情:无法判断; 学业:无法判断; 钱财:无法判断,0,0,0,1,0,0.0,工作有调整的念头或外部变化，落实程度不明；其余三域看不出足够具体的起落。,https://www.astrology.tw/fortune-telling/marriage
太卜·六爻,V07,2013—2015,开始恋爱 2013; 升学 2015,一笔收入或款项可能延迟、缩减，尤其别过早当作到手。,感情:关系形成/推进; 学业:学业推进,事业:稳定; 感情:无法判断; 学业:无法判断; 钱财:先后有不同变化,0,0,0,1,0,0.0,工作总体偏稳，钱款有延迟或缩水的信号；感情和学业不宜勉强具体化。,https://www.astrology.tw/fortune-telling/marriage
太卜·六爻,V08,2013—2015,开始恋爱 2015,预期款项易有变数，实际到账可能低于原先打算。,感情:关系形成/推进,事业:无法判断; 感情:无法判断; 学业:无法判断; 钱财:先后有不同变化,0,0,0,1,0,0.0,盘面主要提示财务预期不稳，暂不足以断工作、感情或学业发生明确事件。,https://www.astrology.tw/fortune-telling/marriage
太卜·六爻,V09,2015—2017,分手 2017; 开始恋爱 2017,证件、合同或学习材料可能反复补充，收尾较慢。,感情:先后有不同变化,事业:先后有不同变化; 感情:无法判断; 学业:无法判断; 钱财:稳定,0,0,0,1,0,0.0,工作上压力或责任感偏重，但未到能断失业的程度；文书学习事项较容易拖慢。,https://www.astrology.tw/fortune-telling/marriage
太卜·六爻,V10,2017—2019,分手 2019,合作或共同支出可能增加，净到手的钱不如预想。,感情:关系结束,事业:先后有不同变化; 感情:无法判断; 学业:无法判断; 钱财:先后有不同变化,0,0,0,1,0,0.0,三年内更像围绕团队、合作关系作调整，钱财方面要防共同支出；感情、学业证据有限。,https://www.astrology.tw/fortune-telling/marriage
太卜·六爻,V11,2013—2015,创业或生意失败 2013; 开始恋爱 2014; 亏损或负债恶化 2013; 钱财增加 2014,工作或合作上的责任可能短暂变化，随后趋于停顿。,事业:变差; 感情:关系形成/推进; 钱财:先后有不同变化,事业:先后有不同变化; 感情:无法判断; 学业:无法判断; 钱财:无法判断,0,0,0,0,1,0.0,工作事项有起步受阻、反复的信号，不能据此断成失业；其余领域没有清晰事件。,https://www.wo-ow.cn/1153
太卜·六爻,V12,2019—2021,开始新工作 2020; 结婚 2020,学习、手续或合同事务会有反复，但有人/材料补上后能继续。,事业:变好; 感情:关系形成/推进,事业:稳定; 感情:无法判断; 学业:无法判断; 钱财:无法判断,0,0,0,1,0,0.0,外部节奏偏慢，文书学习事务可能反复；没有足够依据断关系或钱财的确定变化。,https://www.wo-ow.cn/1153
太卜·六爻,V13,2021—2023,亏损或负债恶化 2022—2023,课程、考试或手续进度有拖延，需重新协调安排。,钱财:变差,事业:稳定; 感情:无法判断; 学业:先后有不同变化; 钱财:无法判断,0,0,0,1,0,0.0,当前格局偏谨慎，学习和手续有协调、等待之象；事业和关系未见足够明确的事件信号。,https://www.wo-ow.cn/1153
太卜·六爻,V14,2011—2013,失业或被裁 2011; 开始新工作 2012,家庭或同伴相关开销可能增加，留存的钱变少。,事业:先后有不同变化,事业:先后有不同变化; 感情:无法判断; 学业:无法判断; 钱财:先后有不同变化,0,0,0,1,0,25.0,主要是资源分配与身边事务带来牵制，不能判作严重财务损失；其余方面无明确事件。,https://www.wo-ow.cn/1153
太卜·六爻,V15,2020—2022,开始新工作 2022; 开始恋爱 2022; 毕业 2020,额外支出或与他人分摊的费用值得留意。,事业:变好; 感情:关系形成/推进; 学业:学业推进,事业:稳定; 感情:无法判断; 学业:无法判断; 钱财:先后有不同变化,0,0,0,1,0,0.0,工作责任不轻但盘面没有明确丢工作的信号；钱财更需防额外支出，关系、学习不宜硬断。,https://www.wo-ow.cn/1153
太卜·六爻,V16,2007—2009,开始新工作 2007; 结婚 2009; 换工作或岗位 2008,学习/工作安排可能有一次变化，但落实时会碰到阻力。,事业:有变动; 感情:关系形成/推进,事业:先后有不同变化; 感情:无法判断; 学业:无法判断; 钱财:无法判断,0,0,0,0,1,0.0,容易因安排变化而暂时不安定，盘面不足以具体判断关系、学习成果或财务得失。,https://www.wo-ow.cn/1153
太卜·六爻,V17,2021—2023,换工作或岗位 2023; 亏损或负债恶化 2023,团队或岗位分工可能调整，短期需要适应。,事业:变好; 钱财:变差,事业:先后有不同变化; 感情:无法判断; 学业:无法判断; 钱财:无法判断,0,0,0,0,1,0.0,有阻滞后逐步转圜的走势，工作协作可能变化；没有明确失业、分手或财务大事证据。,https://www.wo-ow.cn/1153
太卜·六爻,V18,2018—2020,职位提升 2020; 钱财增加 2018—2019,团队关系或工作分工可能调整，调整后事情较易松动。,事业:变好; 钱财:变好,事业:先后有不同变化; 感情:无法判断; 学业:无法判断; 钱财:稳定,0,0,0,0,1,0.0,工作环境中有人员协作变化，整体像逐步解开卡点；感情、学业、财务具体事件证据不足。,https://www.wo-ow.cn/1153
太卜·六爻,V19,2013—2015,开始创业或开公司 2015; 离婚 2015; 亏损或负债恶化 2015,,事业:有变动; 感情:关系结束; 钱财:变差,事业:无法判断; 感情:无法判断; 学业:无法判断; 钱财:无法判断,0,0,0,0,0,0.0,卦变归妹且世爻子孙日破，动爻落在父母而不直接触发四域明确事项；三年尺度下无法可靠指出具体事件。,https://www.wo-ow.cn/1153
太卜·六爻,V20,2021—2023,开始新工作 2023; 分手 2021,财务上可能出现预期落空或一笔款项未按计划落实。,事业:变好; 感情:关系结束,事业:无法判断; 感情:无法判断; 学业:无法判断; 钱财:先后有不同变化,0,0,0,1,0,0.0,卦象偏向谨慎分配资源，收入变化的具体方式不明；其他领域缺少可落地的事件证据。,https://www.wo-ow.cn/1153
太卜·六爻,V21,2007—2009,开始创业或开公司 2009,,事业:变好,事业:稳定; 感情:无法判断; 学业:无法判断; 钱财:稳定,0,0,0,0,0,0.0,豫变萃，官鬼申金动化酉金进神但不临世应；看起来是外部事务增强，仍不足以断个人升职、失业或关系事件。,https://www.wo-ow.cn/1153
太卜·六爻,V22,2005—2007,开始新工作 2007; 毕业 2006,一项工作或项目推进可能遇阻，谈得热闹但落地不顺。,事业:变好; 学业:学业推进,事业:先后有不同变化; 感情:无法判断; 学业:无法判断; 钱财:无法判断,0,0,0,0,1,0.0,事务起伏较明显，适合谨慎推进；关系、学习、金钱缺少直接而有力的变化指示。,https://destiny.to/ubbthreads/topic/107176
太卜·六爻,V23,2021—2023,延期毕业 2022,工作责任或协作方式可能调整，调整会带来一阵压力。,学业:学业受挫,事业:先后有不同变化; 感情:无法判断; 学业:无法判断; 钱财:无法判断,0,0,0,0,1,0.0,处在受限、负担偏重的格局，工作安排可能变化，但不足以断失业；感情、学业和财务无明确事件。,https://www.wo-ow.cn/1153
太卜·六爻,V24,2021—2023,开始新工作 2022; 主动辞职 2023,钱财上更适合保守，避免因人情或共同项目多投入。,事业:有变动,事业:稳定; 感情:无法判断; 学业:无法判断; 钱财:先后有不同变化,0,0,0,0,1,0.0,整体偏积累与收敛，额外投入可能压缩可用资金；其他领域没有足够明确的事件支持。,https://www.wo-ow.cn/1153
命理大师,V01,2006—2008,分手 2008,2006附近容易在熟人或日常往来中遇到愿意认真相处的人，推进偏慢。,感情:关系结束,事业:稳定; 感情:关系形成/推进; 学业:稳定; 钱财:无法判断,0,0,1,0,1,-10.0,事业整体平顺，关系缘分比钱财更显眼；2008外部环境压力升高，适合稳住节奏。,https://www.astrology.tw/fortune-telling/marriage
命理大师,V02,2015—2017,分手 2017; 开始恋爱 2017,2015适合把技能训练或考试准备做成系统计划，较容易得到认可。; 2016钱财上要防一次明显的计划外损耗或预算超支。,感情:先后有不同变化,事业:变好; 感情:先后有不同变化; 学业:学业推进; 钱财:变差,0,0,0,1,1,25.0,工作有承担大任务的潜力，学习表现有助加分；2016钱财是三年里最该谨慎的一项。,https://www.astrology.tw/fortune-telling/marriage
命理大师,V03,2014—2016,分手 2015—2016; 开始恋爱 2015—2016,2016更像工作团队或职责出现一次明显改组，适合重整做事方式。,感情:先后有不同变化,事业:有变动; 感情:稳定; 学业:先后有不同变化; 钱财:先后有不同变化,0,0,0,1,0,0.0,工作变化比感情和财务更清楚；关系有稳住的条件，学习进退取决于实际安排。,https://www.astrology.tw/fortune-telling/marriage
命理大师,V04,2016—2018,开始恋爱 2017—2018; 分手 2018,2017岗位沟通和规则容易卡住，可能从现有岗位转到新的分工或团队。; 2016靠项目、信息或多跑动有增加收入的机会，但收入节奏会不均。,感情:先后有不同变化,事业:有变动; 感情:关系冲突; 学业:稳定; 钱财:变好,0,0,0,2,0,0.0,先有收入机会，随后工作沟通压力上升；关系也易受言语和安排影响。,https://www.astrology.tw/fortune-telling/marriage
命理大师,V05,2016—2018,结婚 2018,2017容易因细致可靠或公开表现被认可，职责有扩大机会。,感情:关系形成/推进,事业:变好; 感情:稳定; 学业:稳定; 钱财:稳定,0,0,0,0,1,0.0,事业声誉较有提升机会；其余领域缺少足以断成具体事件的年度信号，暂按平稳看。,https://www.astrology.tw/fortune-telling/marriage
命理大师,V06,2016—2018,开始恋爱 2017; 分手 2018,2017工作上容易因沟通或文书流程产生阻滞，职责调整比直接离职更像。; 2017与伴侣或亲近对象容易因忙碌、家事安排争执。,感情:先后有不同变化,事业:先后有不同变化; 感情:关系冲突; 学业:稳定; 钱财:稳定,0,0,0,1,1,0.0,稳定能力尚在，但2017的工作沟通和亲密关系摩擦明显；收入盘面偏稳，不宜过度推断。,https://www.astrology.tw/fortune-telling/marriage
命理大师,V07,2013—2015,开始恋爱 2013; 升学 2015,2015有靠技能、协作或专业服务增加收入的机会，宜稳步积累。; 2013关系中容易因口舌、反复确认而有摩擦。,感情:关系形成/推进; 学业:学业推进,事业:稳定; 感情:先后有不同变化; 学业:学业推进; 钱财:变好,0,0,0,2,0,12.5,钱财与技能输出较能推进，关系更考验说清楚；工作总体适合稳扎稳打。,https://www.astrology.tw/fortune-telling/marriage
命理大师,V08,2013—2015,开始恋爱 2015,2014工作安排有一次调整或外出任务增加的倾向，但不一定离开原行业。; 2013适合开始一项更有结构的学习或资格准备。,感情:关系形成/推进,事业:稳定; 感情:先后有不同变化; 学业:学业推进; 钱财:稳定,0,0,0,0,2,0.0,学习和工作安排都有变化空间，钱财偏稳；感情不急着下结论。,https://www.astrology.tw/fortune-telling/marriage
命理大师,V09,2015—2017,分手 2017; 开始恋爱 2017,2016工作方向容易出现重整，像从旧模式转到更能自主发挥的做法。; 2015更容易通过正式交往或熟人介绍遇见合适对象，关系有认真发展的机会。,感情:先后有不同变化,事业:有变动; 感情:先后有不同变化; 学业:稳定; 钱财:先后有不同变化,1,0,0,0,1,50.5,事业变动性较强，关系在2015有正向机会；钱财随项目起伏，不宜冒进。,https://www.astrology.tw/fortune-telling/marriage
命理大师,V10,2017—2019,分手 2019,2018相处中容易因为未来规划、住处或家庭安排意见不一。; 2019可能因外出、项目或岗位需要改变工作地点或协作方式。,感情:关系结束,事业:有变动; 感情:先后有不同变化; 学业:学业推进; 钱财:先后有不同变化,0,0,0,2,0,0.0,学习能持续推进，后两年工作与关系都受未来安排牵动；财务不宜只看表面进账。,https://www.astrology.tw/fortune-telling/marriage
命理大师,V11,2013—2015,创业或生意失败 2013; 开始恋爱 2014; 亏损或负债恶化 2013; 钱财增加 2014,2013工作上容易得到更多主导权，适合接下需要策划和协调的任务。; 2015亲密关系里说话方式容易造成误会，需避免冷处理。,事业:变差; 感情:关系形成/推进; 钱财:先后有不同变化,事业:变好; 感情:关系冲突; 学业:学业推进; 钱财:先后有不同变化,0,0,1,1,1,5.0,事业表现和学习表达较有优势；关系沟通是较明显的磨合点，财务保持实际。,https://www.wo-ow.cn/1153
命理大师,V12,2019—2021,开始新工作 2020; 结婚 2020,2021更像职责或项目方式发生重整，变动里有从旧模式脱身的意味。; 2020有靠新项目、服务或创意获得额外进账的机会。,事业:变好; 感情:关系形成/推进,事业:有变动; 感情:先后有不同变化; 学业:稳定; 钱财:变好,0,0,0,1,1,0.0,先有收入机会，后段事业重整；感情要看现实协商，学习不是突出主线。,https://www.wo-ow.cn/1153
命理大师,V13,2021—2023,亏损或负债恶化 2022—2023,2023适合完成一项学习或作品阶段目标，靠持续整理见成果。; 2022日常相处中有机会出现互相支持的关系，适合慢慢确认。,钱财:变差,事业:稳定; 感情:关系形成/推进; 学业:学业推进; 钱财:先后有不同变化,0,0,0,2,0,0.0,学习与关系都有向前机会，事业靠持续服务和曝光；财务稳中有变。,https://www.wo-ow.cn/1153
命理大师,V14,2011—2013,失业或被裁 2011; 开始新工作 2012,2011财务安排易有进有出，谨慎处理学习、家庭或居住相关支出。; 2013工作或职责方向可能调整，先了解新安排的资源和边界。,事业:先后有不同变化,事业:稳定; 感情:先后有不同变化; 学业:稳定; 钱财:先后有不同变化,0,1,0,0,1,13.88,工作方向尚能稳住，但财务在窗口前段更易反复；感情不是这段最强的主题。,https://www.wo-ow.cn/1153
命理大师,V15,2020—2022,开始新工作 2022; 开始恋爱 2022; 毕业 2020,2021工作能见度较高，承担责任后有被认可或获得更好资源的机会。,事业:变好; 感情:关系形成/推进; 学业:学业推进,事业:变好; 感情:稳定; 学业:先后有不同变化; 钱财:稳定,0,0,0,0,1,8.33,事业机会和外部助力较突出，财务适合稳步管理；学习与感情没有足够强的单年信号。,https://www.wo-ow.cn/1153
命理大师,V16,2007—2009,开始新工作 2007; 结婚 2009; 换工作或岗位 2008,2007关系里容易因不信任、意见反复或交流不畅而别扭。,事业:有变动; 感情:关系形成/推进,事业:先后有不同变化; 感情:先后有不同变化; 学业:稳定; 钱财:无法判断,0,0,0,1,0,0.0,感情有靠近也有反复，工作和钱财盘面不够明确；这三年宜把精力放在现实稳定上。,https://www.wo-ow.cn/1153
命理大师,V17,2021—2023,换工作或岗位 2023; 亏损或负债恶化 2023,2021工作满意度容易下降，考虑换职责或团队，但宜先找好接续方案。; 2022收入管理能力或承担资源的能力增强，有稳步改善空间。,事业:变好; 钱财:变差,事业:变差; 感情:先后有不同变化; 学业:稳定; 钱财:变好,0,0,2,0,1,-10.0,先有事业压力，随后财务资源更可掌握；感情不作明确结论。,https://www.wo-ow.cn/1153
命理大师,V18,2018—2020,职位提升 2020; 钱财增加 2018—2019,2018工作上适合承担改革或接手难题，做出结果后能提升话语权。; 2019人脉或新项目可能带来额外收入，但要辨别实际回款。,事业:变好; 钱财:变好,事业:变好; 感情:稳定; 学业:稳定; 钱财:先后有不同变化,1,0,0,0,1,42.5,事业的主导权增强，后段收入机会增多；亲密关系盘面较稳定，学习不是焦点。,https://www.wo-ow.cn/1153
命理大师,V19,2013—2015,开始创业或开公司 2015; 离婚 2015; 亏损或负债恶化 2015,2014相处中容易因工作节奏或双方主见强而出现一次明显冲突。; 2015适合通过学习、文书或专业训练提升工作能力。,事业:有变动; 感情:关系结束; 钱财:变差,事业:稳定; 感情:关系冲突; 学业:学业推进; 钱财:先后有不同变化,0,0,0,1,1,0.0,工作稳定性尚可，关系需要磨合；学习有助于职业发展，财务不宜激进。,https://www.wo-ow.cn/1153
命理大师,V20,2021—2023,开始新工作 2023; 分手 2021,2022资源管理和收入安排更有主动权，适合稳步积累。; 2021适合尝试新课程、项目或技能方向，能得到朋友协助。,事业:变好; 感情:关系结束,事业:稳定; 感情:先后有不同变化; 学业:学业推进; 钱财:变好,0,0,0,1,1,0.0,学习尝试和财务掌控力逐渐增强，事业较平稳；关系要避免说话过于挑剔。,https://www.wo-ow.cn/1153
命理大师,V21,2007—2009,开始创业或开公司 2009,2007朋友或同伴关系容易因误解、流言或意见冲突而紧张。,事业:变好,事业:先后有不同变化; 感情:先后有不同变化; 学业:稳定; 钱财:稳定,0,0,0,0,1,0.0,这个年龄阶段盘面显示人际压力最突出；事业和感情不够稳健地断具体事件，财务先平稳处理。,https://www.wo-ow.cn/1153
命理大师,V22,2005—2007,开始新工作 2007; 毕业 2006,2005工作/实践里容易得到师长或上级支持，承担更重要任务。; 2007适合完成一项学习阶段目标，成绩或作品较易被认可。,事业:变好; 学业:学业推进,事业:变好; 感情:稳定; 学业:学业推进; 钱财:先后有不同变化,0,0,0,0,2,25.0,学习和实践都有贵人或规范资源，钱财不是主要增益方向；感情无明显事件信号。,https://destiny.to/ubbthreads/topic/107176
命理大师,V23,2021—2023,延期毕业 2022,2021工作沟通或文书流程容易受阻，可能考虑换团队或调整职责。; 2022关系中的旧分歧可能再次出现，尤其是承诺和现实安排。,学业:学业受挫,事业:变差; 感情:关系冲突; 学业:稳定; 钱财:先后有不同变化,0,0,1,1,1,-10.0,工作和关系都需要把沟通讲清楚；财务有资源但支出节奏不稳，学业保持常态。,https://www.wo-ow.cn/1153
命理大师,V24,2021—2023,开始新工作 2022; 主动辞职 2023,2021亲密关系容易出现投入不对等或对回应的期待落差。; 2023适合通过学习、策划或作品整理完成阶段提升。,事业:有变动,事业:稳定; 感情:关系冲突; 学业:学业推进; 钱财:先后有不同变化,0,0,0,1,1,0.0,工作总体可稳步推进，但关系在窗口内较易有心结；学习能提供补充力量，钱财需管理波动。,https://www.wo-ow.cn/1153
命语,V01,2006—2008,分手 2008,2006年关系相处较容易因现实安排或立场不同发生明显摩擦。,感情:关系结束,事业:稳定; 感情:关系形成/推进; 学业:稳定; 钱财:变好,0,0,1,1,0,-10.0,壬日主四柱丁卯 庚戌 壬辰 己酉；本窗流年2006丙戌/戊申运、2007丁亥/戊申运、2008戊子/丁未运。盘上见规则职责信号、财星收支信号，事业stable、感情forming、学业stable、钱财up；仅为传统取象。,https://www.astrology.tw/fortune-telling/marriage
命语,V02,2015—2017,分手 2017; 开始恋爱 2017,,感情:先后有不同变化,事业:稳定; 感情:先后有不同变化; 学业:学业推进; 钱财:稳定,0,0,0,0,0,25.0,戊日主四柱丙子 戊戌 戊戌 丁巳；本窗流年2015乙未/丙申运、2016丙申/丙申运、2017丁酉/丙申运。盘上见规则职责信号、印星学习支持信号，事业stable、感情mixed、学业advance、钱财stable；仅为传统取象。,https://www.astrology.tw/fortune-telling/marriage
命语,V03,2014—2016,分手 2015—2016; 开始恋爱 2015—2016,,感情:先后有不同变化,事业:先后有不同变化; 感情:关系冲突; 学业:稳定; 钱财:先后有不同变化,0,0,0,0,0,0.0,壬日主四柱丁丑 辛亥 壬申 辛亥；本窗流年2014甲午/己酉运、2015乙未/己酉运、2016丙申/己酉运。盘上见财星收支信号、食伤表达变化信号，事业mixed、感情conflict、学业stable、钱财mixed；仅为传统取象。,https://www.astrology.tw/fortune-telling/marriage
命语,V04,2016—2018,开始恋爱 2017—2018; 分手 2018,,感情:先后有不同变化,事业:无法判断; 感情:无法判断; 学业:无法判断; 钱财:无法判断,0,0,0,0,0,0.0,此配置未能为这份出生资料形成可用原生盘，无法判断窗口内四方面变化。,https://www.astrology.tw/fortune-telling/marriage
命语,V05,2016—2018,结婚 2018,,感情:关系形成/推进,事业:变好; 感情:关系形成/推进; 学业:先后有不同变化; 钱财:稳定,0,0,0,0,0,25.0,庚日主四柱癸酉 辛酉 庚子 丙子；本窗流年2016丙申/癸亥运、2017丁酉/癸亥运、2018戊戌/癸亥运。盘上见规则职责信号、印星学习支持信号，事业up、感情forming、学业mixed、钱财stable；仅为传统取象。,https://www.astrology.tw/fortune-telling/marriage
命语,V06,2016—2018,开始恋爱 2017; 分手 2018,2018年关系相处较容易因现实安排或立场不同发生明显摩擦。,感情:先后有不同变化,事业:先后有不同变化; 感情:稳定; 学业:稳定; 钱财:稳定,0,0,0,1,0,0.0,丙日主四柱己巳 丙寅 丙辰 己丑；本窗流年2016丙申/己巳运、2017丁酉/己巳运、2018戊戌/己巳运。盘上见食伤表达变化信号，事业mixed、感情stable、学业stable、钱财stable；仅为传统取象。,https://www.astrology.tw/fortune-telling/marriage
命语,V07,2013—2015,开始恋爱 2013; 升学 2015,2013年关系相处较容易因现实安排或立场不同发生明显摩擦。,感情:关系形成/推进; 学业:学业推进,事业:先后有不同变化; 感情:稳定; 学业:稳定; 钱财:稳定,0,0,0,1,0,0.0,癸日主四柱壬申 丙午 癸亥 戊午；本窗流年2013癸巳/戊申运、2014甲午/戊申运、2015乙未/戊申运。盘上见食伤表达变化信号，事业mixed、感情stable、学业stable、钱财stable；仅为传统取象。,https://www.astrology.tw/fortune-telling/marriage
命语,V08,2013—2015,开始恋爱 2015,,感情:关系形成/推进,事业:变好; 感情:先后有不同变化; 学业:稳定; 钱财:先后有不同变化,0,0,0,0,0,0.0,戊日主四柱癸酉 壬戌 戊寅 乙卯；本窗流年2013癸巳/庚申运、2014甲午/庚申运、2015乙未/庚申运。盘上见规则职责信号、财星收支信号，事业up、感情mixed、学业stable、钱财mixed；仅为传统取象。,https://www.astrology.tw/fortune-telling/marriage
命语,V09,2015—2017,分手 2017; 开始恋爱 2017,,感情:先后有不同变化,事业:无法判断; 感情:无法判断; 学业:无法判断; 钱财:无法判断,0,0,0,0,0,0.0,此配置未能为这份出生资料形成可用原生盘，无法判断窗口内四方面变化。,https://www.astrology.tw/fortune-telling/marriage
命语,V10,2017—2019,分手 2019,2018年关系相处较容易因现实安排或立场不同发生明显摩擦。,感情:关系结束,事业:稳定; 感情:稳定; 学业:先后有不同变化; 钱财:稳定,0,0,1,1,0,-10.0,戊日主四柱丙子 丁酉 戊辰 癸亥；本窗流年2017丁酉/乙未运、2018戊戌/乙未运、2019己亥/乙未运。盘上见印星学习支持信号，事业stable、感情stable、学业mixed、钱财stable；仅为传统取象。,https://www.astrology.tw/fortune-telling/marriage
命语,V11,2013—2015,创业或生意失败 2013; 开始恋爱 2014; 亏损或负债恶化 2013; 钱财增加 2014,,事业:变差; 感情:关系形成/推进; 钱财:先后有不同变化,事业:稳定; 感情:稳定; 学业:先后有不同变化; 钱财:稳定,0,0,1,0,0,-3.33,乙日主四柱丙寅 戊戌 乙巳 戊寅；本窗流年2013癸巳/辛丑运、2014甲午/辛丑运、2015乙未/辛丑运。盘上见印星学习支持信号，事业stable、感情stable、学业mixed、钱财stable；仅为传统取象。,https://www.wo-ow.cn/1153
命语,V12,2019—2021,开始新工作 2020; 结婚 2020,,事业:变好; 感情:关系形成/推进,事业:稳定; 感情:稳定; 学业:先后有不同变化; 钱财:稳定,0,0,0,0,0,0.0,庚日主四柱辛未 戊戌 庚申 壬午；本窗流年2019己亥/乙未运、2020庚子/乙未运、2021辛丑/乙未运。盘上见印星学习支持信号，事业stable、感情stable、学业mixed、钱财stable；仅为传统取象。,https://www.wo-ow.cn/1153
命语,V13,2021—2023,亏损或负债恶化 2022—2023,2023年关系相处较容易因现实安排或立场不同发生明显摩擦。,钱财:变差,事业:先后有不同变化; 感情:稳定; 学业:稳定; 钱财:变好,0,0,1,1,0,-10.0,己日主四柱己巳 丙寅 己酉 丙寅；本窗流年2021辛丑/己巳运、2022壬寅/己巳运、2023癸卯/己巳运。盘上见财星收支信号、食伤表达变化信号，事业mixed、感情stable、学业stable、钱财up；仅为传统取象。,https://www.wo-ow.cn/1153
命语,V14,2011—2013,失业或被裁 2011; 开始新工作 2012,,事业:先后有不同变化,事业:先后有不同变化; 感情:稳定; 学业:稳定; 钱财:变好,0,0,0,0,0,25.0,己日主四柱乙丑 己卯 己未 丁卯；本窗流年2011辛卯/壬午运、2012壬辰/壬午运、2013癸巳/壬午运。盘上见财星收支信号、食伤表达变化信号，事业mixed、感情stable、学业stable、钱财up；仅为传统取象。,https://www.wo-ow.cn/1153
命语,V15,2020—2022,开始新工作 2022; 开始恋爱 2022; 毕业 2020,,事业:变好; 感情:关系形成/推进; 学业:学业推进,事业:稳定; 感情:稳定; 学业:学业推进; 钱财:稳定,0,0,0,0,0,8.33,癸日主四柱丁丑 丁未 癸酉 丙辰；本窗流年2020庚子/乙巳运、2021辛丑/乙巳运、2022壬寅/乙巳运。盘上见印星学习支持信号，事业stable、感情stable、学业advance、钱财stable；仅为传统取象。,https://www.wo-ow.cn/1153
命语,V16,2007—2009,开始新工作 2007; 结婚 2009; 换工作或岗位 2008,,事业:有变动; 感情:关系形成/推进,事业:先后有不同变化; 感情:稳定; 学业:稳定; 钱财:变好,0,0,0,0,0,0.0,乙日主四柱丙寅 辛卯 乙卯 癸未；本窗流年2007丁亥/己丑运、2008戊子/戊子运、2009己丑/戊子运。盘上见财星收支信号、食伤表达变化信号，事业mixed、感情stable、学业stable、钱财up；仅为传统取象。,https://www.wo-ow.cn/1153
命语,V17,2021—2023,换工作或岗位 2023; 亏损或负债恶化 2023,2023年关系相处较容易因现实安排或立场不同发生明显摩擦。,事业:变好; 钱财:变差,事业:先后有不同变化; 感情:关系形成/推进; 学业:稳定; 钱财:变好,0,0,1,1,0,-5.0,己日主四柱乙亥 乙酉 己酉 庚午；本窗流年2021辛丑/壬午运、2022壬寅/壬午运、2023癸卯/壬午运。盘上见财星收支信号、食伤表达变化信号，事业mixed、感情forming、学业stable、钱财up；仅为传统取象。,https://www.wo-ow.cn/1153
命语,V18,2018—2020,职位提升 2020; 钱财增加 2018—2019,,事业:变好; 钱财:变好,事业:先后有不同变化; 感情:稳定; 学业:稳定; 钱财:稳定,0,0,0,0,0,0.0,戊日主四柱乙丑 戊寅 戊寅 癸丑；本窗流年2018戊戌/甲戌运、2019己亥/甲戌运、2020庚子/甲戌运。盘上见食伤表达变化信号，事业mixed、感情stable、学业stable、钱财stable；仅为传统取象。,https://www.wo-ow.cn/1153
命语,V19,2013—2015,开始创业或开公司 2015; 离婚 2015; 亏损或负债恶化 2015,,事业:有变动; 感情:关系结束; 钱财:变差,事业:变好; 感情:先后有不同变化; 学业:稳定; 钱财:先后有不同变化,0,0,0,0,0,0.0,戊日主四柱丙辰 丙申 戊午 庚申；本窗流年2013癸巳/庚子运、2014甲午/庚子运、2015乙未/庚子运。盘上见规则职责信号、财星收支信号，事业up、感情mixed、学业stable、钱财mixed；仅为传统取象。,https://www.wo-ow.cn/1153
命语,V20,2021—2023,开始新工作 2023; 分手 2021,,事业:变好; 感情:关系结束,事业:先后有不同变化; 感情:关系形成/推进; 学业:稳定; 钱财:变好,0,0,1,0,0,-5.0,戊日主四柱戊寅 辛酉 戊辰 己未；本窗流年2021辛丑/癸亥运、2022壬寅/癸亥运、2023癸卯/癸亥运。盘上见财星收支信号、食伤表达变化信号，事业mixed、感情forming、学业stable、钱财up；仅为传统取象。,https://www.wo-ow.cn/1153
命语,V21,2007—2009,开始创业或开公司 2009,2009年关系相处较容易因现实安排或立场不同发生明显摩擦。,事业:变好,事业:先后有不同变化; 感情:关系形成/推进; 学业:稳定; 钱财:变好,0,0,0,1,0,0.0,乙日主四柱丁未 辛亥 乙未 丁丑；本窗流年2007丁亥/丁未运、2008戊子/丁未运、2009己丑/丁未运。盘上见财星收支信号、食伤表达变化信号，事业mixed、感情forming、学业stable、钱财up；仅为传统取象。,https://www.wo-ow.cn/1153
命语,V22,2005—2007,开始新工作 2007; 毕业 2006,,事业:变好; 学业:学业推进,事业:先后有不同变化; 感情:稳定; 学业:稳定; 钱财:稳定,0,0,0,0,0,0.0,甲日主四柱壬戌 丙午 甲申 辛未；本窗流年2005乙酉/己酉运、2006丙戌/己酉运、2007丁亥/己酉运。盘上见食伤表达变化信号，事业mixed、感情stable、学业stable、钱财stable；仅为传统取象。,https://destiny.to/ubbthreads/topic/107176
命语,V23,2021—2023,延期毕业 2022,,学业:学业受挫,事业:先后有不同变化; 感情:稳定; 学业:稳定; 钱财:稳定,0,0,1,0,0,-10.0,辛日主四柱己卯 庚午 辛亥 丁酉；本窗流年2021辛丑/戊辰运、2022壬寅/戊辰运、2023癸卯/戊辰运。盘上见食伤表达变化信号，事业mixed、感情stable、学业stable、钱财stable；仅为传统取象。,https://www.wo-ow.cn/1153
命语,V24,2021—2023,开始新工作 2022; 主动辞职 2023,,事业:有变动,事业:先后有不同变化; 感情:稳定; 学业:稳定; 钱财:稳定,0,0,0,0,0,0.0,辛日主四柱庚辰 己丑 辛巳 乙未；本窗流年2021辛丑/辛卯运、2022壬寅/辛卯运、2023癸卯/辛卯运。盘上见食伤表达变化信号，事业mixed、感情stable、学业stable、钱财stable；仅为传统取象。,https://www.wo-ow.cn/1153
普通AI,V01,2006—2008,分手 2008,,感情:关系结束,事业:无法判断; 感情:无法判断; 学业:无法判断; 钱财:无法判断,0,0,0,0,0,0.0,仅凭出生年月日和时间，无法可靠推断2006—2008年会发生的具体事业、感情、学业或钱财事件；我没有查证本人经历，也没有命盘资料。年龄只能提示可能处于不同生活阶段，不能支持事件预测。,https://www.astrology.tw/fortune-telling/marriage
普通AI,V02,2015—2017,分手 2017; 开始恋爱 2017,,感情:先后有不同变化,事业:无法判断; 感情:无法判断; 学业:无法判断; 钱财:无法判断,0,0,0,0,0,0.0,仅凭出生年月日和时间，无法可靠推断2015—2017年会发生的具体事业、感情、学业或钱财事件；我没有查证本人经历，也没有命盘资料。年龄只能提示可能处于不同生活阶段，不能支持事件预测。,https://www.astrology.tw/fortune-telling/marriage
普通AI,V03,2014—2016,分手 2015—2016; 开始恋爱 2015—2016,,感情:先后有不同变化,事业:无法判断; 感情:无法判断; 学业:无法判断; 钱财:无法判断,0,0,0,0,0,0.0,仅凭出生年月日和时间，无法可靠推断2014—2016年会发生的具体事业、感情、学业或钱财事件；我没有查证本人经历，也没有命盘资料。年龄只能提示可能处于不同生活阶段，不能支持事件预测。,https://www.astrology.tw/fortune-telling/marriage
普通AI,V04,2016—2018,开始恋爱 2017—2018; 分手 2018,,感情:先后有不同变化,事业:无法判断; 感情:无法判断; 学业:无法判断; 钱财:无法判断,0,0,0,0,0,0.0,仅凭出生年月日和时间，无法可靠推断2016—2018年会发生的具体事业、感情、学业或钱财事件；我没有查证本人经历，也没有命盘资料。年龄只能提示可能处于不同生活阶段，不能支持事件预测。,https://www.astrology.tw/fortune-telling/marriage
普通AI,V05,2016—2018,结婚 2018,,感情:关系形成/推进,事业:无法判断; 感情:无法判断; 学业:无法判断; 钱财:无法判断,0,0,0,0,0,0.0,仅凭出生年月日和时间，无法可靠推断2016—2018年会发生的具体事业、感情、学业或钱财事件；我没有查证本人经历，也没有命盘资料。年龄只能提示可能处于不同生活阶段，不能支持事件预测。,https://www.astrology.tw/fortune-telling/marriage
普通AI,V06,2016—2018,开始恋爱 2017; 分手 2018,,感情:先后有不同变化,事业:无法判断; 感情:无法判断; 学业:无法判断; 钱财:无法判断,0,0,0,0,0,0.0,仅凭出生年月日和时间，无法可靠推断2016—2018年会发生的具体事业、感情、学业或钱财事件；我没有查证本人经历，也没有命盘资料。年龄只能提示可能处于不同生活阶段，不能支持事件预测。,https://www.astrology.tw/fortune-telling/marriage
普通AI,V07,2013—2015,开始恋爱 2013; 升学 2015,,感情:关系形成/推进; 学业:学业推进,事业:无法判断; 感情:无法判断; 学业:无法判断; 钱财:无法判断,0,0,0,0,0,0.0,仅凭出生年月日和时间，无法可靠推断2013—2015年会发生的具体事业、感情、学业或钱财事件；我没有查证本人经历，也没有命盘资料。年龄只能提示可能处于不同生活阶段，不能支持事件预测。,https://www.astrology.tw/fortune-telling/marriage
普通AI,V08,2013—2015,开始恋爱 2015,,感情:关系形成/推进,事业:无法判断; 感情:无法判断; 学业:无法判断; 钱财:无法判断,0,0,0,0,0,0.0,仅凭出生年月日和时间，无法可靠推断2013—2015年会发生的具体事业、感情、学业或钱财事件；我没有查证本人经历，也没有命盘资料。年龄只能提示可能处于不同生活阶段，不能支持事件预测。,https://www.astrology.tw/fortune-telling/marriage
普通AI,V09,2015—2017,分手 2017; 开始恋爱 2017,,感情:先后有不同变化,事业:无法判断; 感情:无法判断; 学业:无法判断; 钱财:无法判断,0,0,0,0,0,0.0,仅凭出生年月日和时间，无法可靠推断2015—2017年会发生的具体事业、感情、学业或钱财事件；我没有查证本人经历，也没有命盘资料。年龄只能提示可能处于不同生活阶段，不能支持事件预测。,https://www.astrology.tw/fortune-telling/marriage
普通AI,V10,2017—2019,分手 2019,,感情:关系结束,事业:无法判断; 感情:无法判断; 学业:无法判断; 钱财:无法判断,0,0,0,0,0,0.0,仅凭出生年月日和时间，无法可靠推断2017—2019年会发生的具体事业、感情、学业或钱财事件；我没有查证本人经历，也没有命盘资料。年龄只能提示可能处于不同生活阶段，不能支持事件预测。,https://www.astrology.tw/fortune-telling/marriage
普通AI,V11,2013—2015,创业或生意失败 2013; 开始恋爱 2014; 亏损或负债恶化 2013; 钱财增加 2014,,事业:变差; 感情:关系形成/推进; 钱财:先后有不同变化,事业:无法判断; 感情:无法判断; 学业:无法判断; 钱财:无法判断,0,0,0,0,0,0.0,仅凭出生年月日和时间，无法可靠推断2013—2015年会发生的具体事业、感情、学业或钱财事件；我没有查证本人经历，也没有命盘资料。年龄只能提示可能处于不同生活阶段，不能支持事件预测。,https://www.wo-ow.cn/1153
普通AI,V12,2019—2021,开始新工作 2020; 结婚 2020,,事业:变好; 感情:关系形成/推进,事业:无法判断; 感情:无法判断; 学业:无法判断; 钱财:无法判断,0,0,0,0,0,0.0,仅凭出生年月日和时间，无法可靠推断2019—2021年会发生的具体事业、感情、学业或钱财事件；我没有查证本人经历，也没有命盘资料。年龄只能提示可能处于不同生活阶段，不能支持事件预测。,https://www.wo-ow.cn/1153
普通AI,V13,2021—2023,亏损或负债恶化 2022—2023,,钱财:变差,事业:无法判断; 感情:无法判断; 学业:无法判断; 钱财:无法判断,0,0,0,0,0,0.0,仅凭出生年月日和时间，无法可靠推断2021—2023年会发生的具体事业、感情、学业或钱财事件；我没有查证本人经历，也没有命盘资料。年龄只能提示可能处于不同生活阶段，不能支持事件预测。,https://www.wo-ow.cn/1153
普通AI,V14,2011—2013,失业或被裁 2011; 开始新工作 2012,,事业:先后有不同变化,事业:无法判断; 感情:无法判断; 学业:无法判断; 钱财:无法判断,0,0,0,0,0,0.0,仅凭出生年月日和时间，无法可靠推断2011—2013年会发生的具体事业、感情、学业或钱财事件；我没有查证本人经历，也没有命盘资料。年龄只能提示可能处于不同生活阶段，不能支持事件预测。,https://www.wo-ow.cn/1153
普通AI,V15,2020—2022,开始新工作 2022; 开始恋爱 2022; 毕业 2020,,事业:变好; 感情:关系形成/推进; 学业:学业推进,事业:无法判断; 感情:无法判断; 学业:无法判断; 钱财:无法判断,0,0,0,0,0,0.0,仅凭出生年月日和时间，无法可靠推断2020—2022年会发生的具体事业、感情、学业或钱财事件；我没有查证本人经历，也没有命盘资料。年龄只能提示可能处于不同生活阶段，不能支持事件预测。,https://www.wo-ow.cn/1153
普通AI,V16,2007—2009,开始新工作 2007; 结婚 2009; 换工作或岗位 2008,,事业:有变动; 感情:关系形成/推进,事业:无法判断; 感情:无法判断; 学业:无法判断; 钱财:无法判断,0,0,0,0,0,0.0,仅凭出生年月日和时间，无法可靠推断2007—2009年会发生的具体事业、感情、学业或钱财事件；我没有查证本人经历，也没有命盘资料。年龄只能提示可能处于不同生活阶段，不能支持事件预测。,https://www.wo-ow.cn/1153
普通AI,V17,2021—2023,换工作或岗位 2023; 亏损或负债恶化 2023,,事业:变好; 钱财:变差,事业:无法判断; 感情:无法判断; 学业:无法判断; 钱财:无法判断,0,0,0,0,0,0.0,仅凭出生年月日和时间，无法可靠推断2021—2023年会发生的具体事业、感情、学业或钱财事件；我没有查证本人经历，也没有命盘资料。年龄只能提示可能处于不同生活阶段，不能支持事件预测。,https://www.wo-ow.cn/1153
普通AI,V18,2018—2020,职位提升 2020; 钱财增加 2018—2019,,事业:变好; 钱财:变好,事业:无法判断; 感情:无法判断; 学业:无法判断; 钱财:无法判断,0,0,0,0,0,0.0,仅凭出生年月日和时间，无法可靠推断2018—2020年会发生的具体事业、感情、学业或钱财事件；我没有查证本人经历，也没有命盘资料。年龄只能提示可能处于不同生活阶段，不能支持事件预测。,https://www.wo-ow.cn/1153
普通AI,V19,2013—2015,开始创业或开公司 2015; 离婚 2015; 亏损或负债恶化 2015,,事业:有变动; 感情:关系结束; 钱财:变差,事业:无法判断; 感情:无法判断; 学业:无法判断; 钱财:无法判断,0,0,0,0,0,0.0,仅凭出生年月日和时间，无法可靠推断2013—2015年会发生的具体事业、感情、学业或钱财事件；我没有查证本人经历，也没有命盘资料。年龄只能提示可能处于不同生活阶段，不能支持事件预测。,https://www.wo-ow.cn/1153
普通AI,V20,2021—2023,开始新工作 2023; 分手 2021,,事业:变好; 感情:关系结束,事业:无法判断; 感情:无法判断; 学业:无法判断; 钱财:无法判断,0,0,0,0,0,0.0,仅凭出生年月日和时间，无法可靠推断2021—2023年会发生的具体事业、感情、学业或钱财事件；我没有查证本人经历，也没有命盘资料。年龄只能提示可能处于不同生活阶段，不能支持事件预测。,https://www.wo-ow.cn/1153
普通AI,V21,2007—2009,开始创业或开公司 2009,,事业:变好,事业:无法判断; 感情:无法判断; 学业:无法判断; 钱财:无法判断,0,0,0,0,0,0.0,仅凭出生年月日和时间，无法可靠推断2007—2009年会发生的具体事业、感情、学业或钱财事件；我没有查证本人经历，也没有命盘资料。年龄只能提示可能处于不同生活阶段，不能支持事件预测。,https://www.wo-ow.cn/1153
普通AI,V22,2005—2007,开始新工作 2007; 毕业 2006,,事业:变好; 学业:学业推进,事业:无法判断; 感情:无法判断; 学业:无法判断; 钱财:无法判断,0,0,0,0,0,0.0,仅凭出生年月日和时间，无法可靠推断2005—2007年会发生的具体事业、感情、学业或钱财事件；我没有查证本人经历，也没有命盘资料。年龄只能提示可能处于不同生活阶段，不能支持事件预测。,https://destiny.to/ubbthreads/topic/107176
普通AI,V23,2021—2023,延期毕业 2022,,学业:学业受挫,事业:无法判断; 感情:无法判断; 学业:无法判断; 钱财:无法判断,0,0,0,0,0,0.0,仅凭出生年月日和时间，无法可靠推断2021—2023年会发生的具体事业、感情、学业或钱财事件；我没有查证本人经历，也没有命盘资料。年龄只能提示可能处于不同生活阶段，不能支持事件预测。,https://www.wo-ow.cn/1153
普通AI,V24,2021—2023,开始新工作 2022; 主动辞职 2023,,事业:有变动,事业:无法判断; 感情:无法判断; 学业:无法判断; 钱财:无法判断,0,0,0,0,0,0.0,仅凭出生年月日和时间，无法可靠推断2021—2023年会发生的具体事业、感情、学业或钱财事件；我没有查证本人经历，也没有命盘资料。年龄只能提示可能处于不同生活阶段，不能支持事件预测。,https://www.wo-ow.cn/1153
太卜·奇门,V01,2006—2008,分手 2008,学习或手续推进容易原地反复，成效不快。,感情:关系结束,事业:稳定; 感情:无法判断; 学业:先后有不同变化; 钱财:先后有不同变化,0,0,0,1,0,0.0,整体伏吟，三年变化偏慢；工作有开门值符作支撑，学习和财务则需防反复与落空。,https://www.astrology.tw/fortune-telling/marriage
太卜·奇门,V02,2015—2017,分手 2017; 开始恋爱 2017,关系沟通容易忽冷忽热，旧问题可能反复出现。; 工作机会有变动，谈成与否可能反复，先核实条件。,感情:先后有不同变化,事业:先后有不同变化; 感情:关系冲突; 学业:无法判断; 钱财:先后有不同变化,0,0,0,1,1,0.0,变化机会不少，但反吟和空宫使落实反复；感情沟通、工作选择都宜核实后再定。,https://www.astrology.tw/fortune-telling/marriage
太卜·奇门,V03,2014—2016,分手 2015—2016; 开始恋爱 2015—2016,学习或考试安排可能延迟，准备过程容易反复。,感情:先后有不同变化,事业:先后有不同变化; 感情:无法判断; 学业:先后有不同变化; 钱财:无法判断,0,0,0,1,0,0.0,反吟带来折返，学习计划尤其难顺；事业有开门坤但并不强，不宜断具体升降。,https://www.astrology.tw/fortune-telling/marriage
太卜·奇门,V04,2016—2018,开始恋爱 2017—2018; 分手 2018,学习、申请或材料进度较容易卡住。,感情:先后有不同变化,事业:稳定; 感情:无法判断; 学业:先后有不同变化; 钱财:无法判断,0,0,0,1,0,0.0,伏吟主慢，工作虽有开门落离但力量有限；更需留意文书学习推进滞后。,https://www.astrology.tw/fortune-telling/marriage
太卜·奇门,V05,2016—2018,结婚 2018,课程或手续容易反复修改，进度偏慢。,感情:关系形成/推进,事业:稳定; 感情:无法判断; 学业:先后有不同变化; 钱财:无法判断,0,0,0,1,0,0.0,盘面伏吟，短期变化有限，学习手续较难快速收尾；没有足够依据断其他领域的具体事件。,https://www.astrology.tw/fortune-telling/marriage
太卜·奇门,V06,2016—2018,开始恋爱 2017; 分手 2018,有小笔进账或回款机会，但更像逐步改善，不宜期待暴增。,感情:先后有不同变化,事业:稳定; 感情:无法判断; 学业:先后有不同变化; 钱财:先后有不同变化,0,0,0,1,0,0.0,全盘伏吟，变化缓慢；事业开门在离较有通路，财务有机会但兑现速度不快。,https://www.astrology.tw/fortune-telling/marriage
太卜·奇门,V07,2013—2015,开始恋爱 2013; 升学 2015,靠持续做事有机会增加收入或拿到一笔回款。,感情:关系形成/推进; 学业:学业推进,事业:稳定; 感情:无法判断; 学业:先后有不同变化; 钱财:先后有不同变化,0,0,0,1,0,0.0,格局伏吟，事业财务以慢慢累积为主；学习有天辅但惊门，需靠反复准备。,https://www.astrology.tw/fortune-telling/marriage
太卜·奇门,V08,2013—2015,开始恋爱 2015,收入或回款有逐步增加的可能，靠持续经营而来。,感情:关系形成/推进,事业:稳定; 感情:无法判断; 学业:先后有不同变化; 钱财:先后有不同变化,0,0,0,1,0,0.0,大势平稳但慢，事业与财务适合稳步做；学习上反复准备，关系未见清楚事件信号。,https://www.astrology.tw/fortune-telling/marriage
太卜·奇门,V09,2015—2017,分手 2017; 开始恋爱 2017,工作机会或岗位调整可能出现，但谈判过程会反复。,感情:先后有不同变化,事业:先后有不同变化; 感情:无法判断; 学业:无法判断; 钱财:先后有不同变化,0,0,0,1,0,0.0,反吟主变动和折返，工作方向有变化机会而不易一锤定音；财务机会也需核实。,https://www.astrology.tw/fortune-telling/marriage
太卜·奇门,V10,2017—2019,分手 2019,工作内容可能变化，过程伴随冲突或返工。,感情:关系结束,事业:先后有不同变化; 感情:无法判断; 学业:先后有不同变化; 钱财:无法判断,0,0,0,0,1,0.0,反吟明显，事业有调整但未必顺手；学习与文书可推进，财务则不能断定大幅变化。,https://www.astrology.tw/fortune-telling/marriage
太卜·奇门,V11,2013—2015,创业或生意失败 2013; 开始恋爱 2014; 亏损或负债恶化 2013; 钱财增加 2014,收入更像缓慢增加或回款逐步到位。,事业:变差; 感情:关系形成/推进; 钱财:先后有不同变化,事业:稳定; 感情:无法判断; 学业:先后有不同变化; 钱财:先后有不同变化,1,0,1,0,0,20.0,伏吟让事情推进偏慢；财务有渐进机会，事业暂难断明显跃升，关系信号不强。,https://www.wo-ow.cn/1153
太卜·奇门,V12,2019—2021,开始新工作 2020; 结婚 2020,出现较好的岗位或项目机会，适合主动争取。; 工作带来的收入有改善机会。,事业:变好; 感情:关系形成/推进,事业:变好; 感情:无法判断; 学业:先后有不同变化; 钱财:变好,0,0,0,1,1,12.5,事业机会和财路都偏有利，但日干相关宫带刑格，过程有手续或规则压力。,https://www.wo-ow.cn/1153
太卜·奇门,V13,2021—2023,亏损或负债恶化 2022—2023,岗位或职责可能调整，短期需要适应新要求。,钱财:变差,事业:先后有不同变化; 感情:无法判断; 学业:先后有不同变化; 钱财:无法判断,0,0,0,1,0,0.0,变化信号存在但核心宫日空，工作调整未必马上落实；学习有天辅开门助力，其他领域不宜强断。,https://www.wo-ow.cn/1153
太卜·奇门,V14,2011—2013,失业或被裁 2011; 开始新工作 2012,考试、申请或课程进展偏慢，容易多等一轮。,事业:先后有不同变化,事业:稳定; 感情:无法判断; 学业:先后有不同变化; 钱财:无法判断,0,0,0,1,0,0.0,整体伏吟偏守，事业的开门在乾可用但变化不大；学习手续较慢，关系和钱财证据不足。,https://www.wo-ow.cn/1153
太卜·奇门,V15,2020—2022,开始新工作 2022; 开始恋爱 2022; 毕业 2020,岗位或项目会有调整机会，过程可能来回改动。,事业:变好; 感情:关系形成/推进; 学业:学业推进,事业:先后有不同变化; 感情:无法判断; 学业:先后有不同变化; 钱财:无法判断,0,1,0,0,0,9.25,变化较大但反吟、空亡同见，工作调整未必顺利落地；学习和财务不宜作具体承诺。,https://www.wo-ow.cn/1153
太卜·奇门,V16,2007—2009,开始新工作 2007; 结婚 2009; 换工作或岗位 2008,工作或学习地点、安排可能变动，需处理适应期。; 关系沟通容易急躁，可能为安排或距离起争执。,事业:有变动; 感情:关系形成/推进,事业:先后有不同变化; 感情:关系冲突; 学业:先后有不同变化; 钱财:无法判断,0,0,0,1,1,0.0,反吟和驿马带来变动，但开门格局不稳；关系沟通也需降火，不能由此断分手。,https://www.wo-ow.cn/1153
太卜·奇门,V17,2021—2023,换工作或岗位 2023; 亏损或负债恶化 2023,工作方向或职责可能变化，适合先试探再决定。; 通过稳步项目有收入改善机会。,事业:变好; 钱财:变差,事业:先后有不同变化; 感情:无法判断; 学业:先后有不同变化; 钱财:先后有不同变化,1,0,0,0,0,27.75,有调整和机会，但关键宫空、财门带隐忧，落地需时间；关系未见清楚事件。,https://www.wo-ow.cn/1153
太卜·奇门,V18,2018—2020,职位提升 2020; 钱财增加 2018—2019,可争取新的工作任务或合作机会，谈成后职责会变。; 有通过项目或回款改善财务的机会。,事业:变好; 钱财:变好,事业:先后有不同变化; 感情:无法判断; 学业:先后有不同变化; 钱财:变好,1,0,0,0,1,40.25,外部机会不差，尤其合作与进账；本人日干癸落巽遇天英景门并入墓，行动和手续可能比预期慢。,https://www.wo-ow.cn/1153
太卜·奇门,V19,2013—2015,开始创业或开公司 2015; 离婚 2015; 亏损或负债恶化 2015,持续经营或专业技能有机会带来小幅收入改善。,事业:有变动; 感情:关系结束; 钱财:变差,事业:稳定; 感情:无法判断; 学业:先后有不同变化; 钱财:先后有不同变化,0,0,0,0,0,0.0,伏吟提示推进缓慢，但财门和开门仍在盘中；更像稳步工作和收入，不支持突然大变。,https://www.wo-ow.cn/1153
太卜·奇门,V20,2021—2023,开始新工作 2023; 分手 2021,工作职责可能变动，过程有压力但能找到调整空间。; 工作项目可能带来额外进账，但不宜视为稳收入。,事业:变好; 感情:关系结束,事业:先后有不同变化; 感情:无法判断; 学业:先后有不同变化; 钱财:先后有不同变化,0,0,0,1,1,0.0,工作有变化信号，收入也可能随项目起伏；核心宫空、财门不稳，关系和学业没有明确事件。,https://www.wo-ow.cn/1153
太卜·奇门,V21,2007—2009,开始创业或开公司 2009,工作或学习安排有一次变动，伴随适应和反复。,事业:变好,事业:先后有不同变化; 感情:无法判断; 学业:先后有不同变化; 钱财:无法判断,0,0,0,0,1,0.0,反吟提示变化，但开门受格局牵制，推进中容易改动；关系、钱财无清楚事件指向。,https://www.wo-ow.cn/1153
太卜·奇门,V22,2005—2007,开始新工作 2007; 毕业 2006,工作或项目可能出现机会与阻碍并存的调整。,事业:变好; 学业:学业推进,事业:先后有不同变化; 感情:无法判断; 学业:先后有不同变化; 钱财:先后有不同变化,0,0,0,0,1,0.0,事业、财务的门虽出现但落空或受刑，机会难马上兑现；学习有天辅但惊门。,https://destiny.to/ubbthreads/topic/107176
太卜·奇门,V23,2021—2023,延期毕业 2022,工作任务或方向可能调整，先有压力后逐步理顺。; 有项目型收入机会，但到账节奏或金额不稳定。,学业:学业受挫,事业:先后有不同变化; 感情:无法判断; 学业:先后有不同变化; 钱财:先后有不同变化,0,0,0,2,0,0.0,调整机会存在，但核心与财门都见空或隐忧；不能把压力直接断成失业。,https://www.wo-ow.cn/1153
太卜·奇门,V24,2021—2023,开始新工作 2022; 主动辞职 2023,职责或工作重点可能调整，宜先观察是否真正落地。; 可能有项目带来的收入机会，但回款需核实。,事业:有变动,事业:先后有不同变化; 感情:无法判断; 学业:先后有不同变化; 钱财:先后有不同变化,0,0,0,1,1,0.0,工作方向可调整，项目收入有机会但不稳定；三年格局里关系、学业没有足够明确的具体事件。,https://www.wo-ow.cn/1153
Suangua,V01,2006—2008,分手 2008,,感情:关系结束,事业:无法判断; 感情:无法判断; 学业:无法判断; 钱财:无法判断,0,0,0,0,0,0.0,日主壬、正财格。流年提示：2006丙戌偏财、慎；2007丁亥正财、慎；2008戊子七杀、顺。这是整体趋向，不能据此推出具体事件或逐领域方向。,https://www.astrology.tw/fortune-telling/marriage
Suangua,V02,2015—2017,分手 2017; 开始恋爱 2017,,感情:先后有不同变化,事业:无法判断; 感情:无法判断; 学业:无法判断; 钱财:无法判断,0,0,0,0,0,0.0,日主戊、建禄格。流年提示：2015乙未正官、慎；2016丙申偏印、平；2017丁酉正印、平。这是整体趋向，不能据此推出具体事件或逐领域方向。,https://www.astrology.tw/fortune-telling/marriage
Suangua,V03,2014—2016,分手 2015—2016; 开始恋爱 2015—2016,,感情:先后有不同变化,事业:无法判断; 感情:无法判断; 学业:无法判断; 钱财:无法判断,0,0,0,0,0,0.0,日主壬、建禄格。流年提示：2014甲午食神、顺；2015乙未伤官、顺；2016丙申偏财、顺。这是整体趋向，不能据此推出具体事件或逐领域方向。,https://www.astrology.tw/fortune-telling/marriage
Suangua,V04,2016—2018,开始恋爱 2017—2018; 分手 2018,,感情:先后有不同变化,事业:无法判断; 感情:无法判断; 学业:无法判断; 钱财:无法判断,0,0,0,0,0,0.0,日主戊、建禄格。流年提示：2016丙申偏印、平；2017丁酉正印、平；2018戊戌比肩、顺。这是整体趋向，不能据此推出具体事件或逐领域方向。,https://www.astrology.tw/fortune-telling/marriage
Suangua,V05,2016—2018,结婚 2018,,感情:关系形成/推进,事业:无法判断; 感情:无法判断; 学业:无法判断; 钱财:无法判断,0,0,0,0,0,0.0,日主庚、月刃格。流年提示：2016丙申七杀、慎；2017丁酉正官、慎；2018戊戌偏印、平。这是整体趋向，不能据此推出具体事件或逐领域方向。,https://www.astrology.tw/fortune-telling/marriage
Suangua,V06,2016—2018,开始恋爱 2017; 分手 2018,,感情:先后有不同变化,事业:无法判断; 感情:无法判断; 学业:无法判断; 钱财:无法判断,0,0,0,0,0,0.0,日主丙、建禄格。流年提示：2016丙申比肩、顺；2017丁酉劫财、顺；2018戊戌食神、慎。这是整体趋向，不能据此推出具体事件或逐领域方向。,https://www.astrology.tw/fortune-telling/marriage
Suangua,V07,2013—2015,开始恋爱 2013; 升学 2015,,感情:关系形成/推进; 学业:学业推进,事业:无法判断; 感情:无法判断; 学业:无法判断; 钱财:无法判断,0,0,0,0,0,0.0,日主癸、偏财格。流年提示：2013癸巳比肩、顺；2014甲午伤官、慎；2015乙未食神、慎。这是整体趋向，不能据此推出具体事件或逐领域方向。,https://www.astrology.tw/fortune-telling/marriage
Suangua,V08,2013—2015,开始恋爱 2015,,感情:关系形成/推进,事业:无法判断; 感情:无法判断; 学业:无法判断; 钱财:无法判断,0,0,0,0,0,0.0,日主戊、建禄格。流年提示：2013癸巳正财、慎；2014甲午七杀、顺；2015乙未正官、顺。这是整体趋向，不能据此推出具体事件或逐领域方向。,https://www.astrology.tw/fortune-telling/marriage
Suangua,V09,2015—2017,分手 2017; 开始恋爱 2017,,感情:先后有不同变化,事业:无法判断; 感情:无法判断; 学业:无法判断; 钱财:无法判断,0,0,0,0,0,0.0,日主壬、润下格。流年提示：2015乙未伤官、顺；2016丙申偏财、顺；2017丁酉正财、顺。这是整体趋向，不能据此推出具体事件或逐领域方向。,https://www.astrology.tw/fortune-telling/marriage
Suangua,V10,2017—2019,分手 2019,,感情:关系结束,事业:无法判断; 感情:无法判断; 学业:无法判断; 钱财:无法判断,0,0,0,0,0,0.0,日主戊、伤官格。流年提示：2017丁酉正印、平；2018戊戌比肩、顺；2019己亥劫财、顺。这是整体趋向，不能据此推出具体事件或逐领域方向。,https://www.astrology.tw/fortune-telling/marriage
Suangua,V11,2013—2015,创业或生意失败 2013; 开始恋爱 2014; 亏损或负债恶化 2013; 钱财增加 2014,,事业:变差; 感情:关系形成/推进; 钱财:先后有不同变化,事业:无法判断; 感情:无法判断; 学业:无法判断; 钱财:无法判断,0,0,0,0,0,0.0,日主乙、正财格。流年提示：2013癸巳偏印、平；2014甲午劫财、顺；2015乙未比肩、顺。这是整体趋向，不能据此推出具体事件或逐领域方向。,https://www.wo-ow.cn/1153
Suangua,V12,2019—2021,开始新工作 2020; 结婚 2020,,事业:变好; 感情:关系形成/推进,事业:无法判断; 感情:无法判断; 学业:无法判断; 钱财:无法判断,0,0,0,0,0,0.0,日主庚、月刃格。流年提示：2019己亥正印、平；2020庚子比肩、慎；2021辛丑劫财、慎。这是整体趋向，不能据此推出具体事件或逐领域方向。,https://www.wo-ow.cn/1153
Suangua,V13,2021—2023,亏损或负债恶化 2022—2023,,钱财:变差,事业:无法判断; 感情:无法判断; 学业:无法判断; 钱财:无法判断,0,0,0,0,0,0.0,日主己、正印格。流年提示：2021辛丑食神、慎；2022壬寅正财、慎；2023癸卯偏财、慎。这是整体趋向，不能据此推出具体事件或逐领域方向。,https://www.wo-ow.cn/1153
Suangua,V14,2011—2013,失业或被裁 2011; 开始新工作 2012,,事业:先后有不同变化,事业:无法判断; 感情:无法判断; 学业:无法判断; 钱财:无法判断,0,0,0,0,0,0.0,日主己、七杀格。流年提示：2011辛卯食神、慎；2012壬辰正财、慎；2013癸巳偏财、慎。这是整体趋向，不能据此推出具体事件或逐领域方向。,https://www.wo-ow.cn/1153
Suangua,V15,2020—2022,开始新工作 2022; 开始恋爱 2022; 毕业 2020,,事业:变好; 感情:关系形成/推进; 学业:学业推进,事业:无法判断; 感情:无法判断; 学业:无法判断; 钱财:无法判断,0,0,0,0,0,0.0,日主癸、偏财格。流年提示：2020庚子正印、平；2021辛丑偏印、平；2022壬寅劫财、顺。这是整体趋向，不能据此推出具体事件或逐领域方向。,https://www.wo-ow.cn/1153
Suangua,V16,2007—2009,开始新工作 2007; 结婚 2009; 换工作或岗位 2008,,事业:有变动; 感情:关系形成/推进,事业:无法判断; 感情:无法判断; 学业:无法判断; 钱财:无法判断,0,0,0,0,0,0.0,日主乙、曲直格。流年提示：2007丁亥食神、顺；2008戊子正财、顺；2009己丑偏财、顺。这是整体趋向，不能据此推出具体事件或逐领域方向。,https://www.wo-ow.cn/1153
Suangua,V17,2021—2023,换工作或岗位 2023; 亏损或负债恶化 2023,,事业:变好; 钱财:变差,事业:无法判断; 感情:无法判断; 学业:无法判断; 钱财:无法判断,0,0,0,0,0,0.0,日主己、食神格。流年提示：2021辛丑食神、慎；2022壬寅正财、慎；2023癸卯偏财、慎。这是整体趋向，不能据此推出具体事件或逐领域方向。,https://www.wo-ow.cn/1153
Suangua,V18,2018—2020,职位提升 2020; 钱财增加 2018—2019,,事业:变好; 钱财:变好,事业:无法判断; 感情:无法判断; 学业:无法判断; 钱财:无法判断,0,0,0,0,0,0.0,日主戊、建禄格。流年提示：2018戊戌比肩、顺；2019己亥劫财、顺；2020庚子食神、慎。这是整体趋向，不能据此推出具体事件或逐领域方向。,https://www.wo-ow.cn/1153
Suangua,V19,2013—2015,开始创业或开公司 2015; 离婚 2015; 亏损或负债恶化 2015,,事业:有变动; 感情:关系结束; 钱财:变差,事业:无法判断; 感情:无法判断; 学业:无法判断; 钱财:无法判断,0,0,0,0,0,0.0,日主戊、伤官格。流年提示：2013癸巳正财、顺；2014甲午七杀、慎；2015乙未正官、慎。这是整体趋向，不能据此推出具体事件或逐领域方向。,https://www.wo-ow.cn/1153
Suangua,V20,2021—2023,开始新工作 2023; 分手 2021,,事业:变好; 感情:关系结束,事业:无法判断; 感情:无法判断; 学业:无法判断; 钱财:无法判断,0,0,0,0,0,0.0,日主戊、伤官格。流年提示：2021辛丑伤官、顺；2022壬寅偏财、顺；2023癸卯正财、顺。这是整体趋向，不能据此推出具体事件或逐领域方向。,https://www.wo-ow.cn/1153
Suangua,V21,2007—2009,开始创业或开公司 2009,,事业:变好,事业:无法判断; 感情:无法判断; 学业:无法判断; 钱财:无法判断,0,0,0,0,0,0.0,日主乙、正印格。流年提示：2007丁亥食神、慎；2008戊子正财、慎；2009己丑偏财、慎。这是整体趋向，不能据此推出具体事件或逐领域方向。,https://www.wo-ow.cn/1153
Suangua,V22,2005—2007,开始新工作 2007; 毕业 2006,,事业:变好; 学业:学业推进,事业:无法判断; 感情:无法判断; 学业:无法判断; 钱财:无法判断,0,0,0,0,0,0.0,日主甲、伤官格。流年提示：2005乙酉劫财、顺；2006丙戌食神、慎；2007丁亥伤官、慎。这是整体趋向，不能据此推出具体事件或逐领域方向。,https://destiny.to/ubbthreads/topic/107176
Suangua,V23,2021—2023,延期毕业 2022,,学业:学业受挫,事业:无法判断; 感情:无法判断; 学业:无法判断; 钱财:无法判断,0,0,0,0,0,0.0,日主辛、七杀格。流年提示：2021辛丑比肩、顺；2022壬寅伤官、慎；2023癸卯食神、慎。这是整体趋向，不能据此推出具体事件或逐领域方向。,https://www.wo-ow.cn/1153
Suangua,V24,2021—2023,开始新工作 2022; 主动辞职 2023,,事业:有变动,事业:无法判断; 感情:无法判断; 学业:无法判断; 钱财:无法判断,0,0,0,0,0,0.0,日主辛、建禄格。流年提示：2021辛丑比肩、慎；2022壬寅伤官、顺；2023癸卯食神、顺。这是整体趋向，不能据此推出具体事件或逐领域方向。,https://www.wo-ow.cn/1153
太卜·八字,V01,2006—2008,分手 2008,,感情:关系结束,事业:无法判断; 感情:无法判断; 学业:无法判断; 钱财:无法判断,0,0,0,0,0,0.0,本命四柱为丁卯、庚戌、壬辰、己酉，当前窗口仅能结合戊申运、丁未运看长期底色。该原生接口只有本命与大运信息，没有可用的年度预测接口，无法诚实断出这三年具体升职、分合、入学或财务事件。,https://www.astrology.tw/fortune-telling/marriage
太卜·八字,V02,2015—2017,分手 2017; 开始恋爱 2017,,感情:先后有不同变化,事业:无法判断; 感情:无法判断; 学业:无法判断; 钱财:无法判断,0,0,0,0,0,0.0,本命四柱为丙子、戊戌、戊戌、丁巳，当前窗口仅能结合丙申运看长期底色。该原生接口只有本命与大运信息，没有可用的年度预测接口，无法诚实断出这三年具体升职、分合、入学或财务事件。,https://www.astrology.tw/fortune-telling/marriage
太卜·八字,V03,2014—2016,分手 2015—2016; 开始恋爱 2015—2016,,感情:先后有不同变化,事业:无法判断; 感情:无法判断; 学业:无法判断; 钱财:无法判断,0,0,0,0,0,0.0,本命四柱为丁丑、辛亥、壬申、辛亥，当前窗口仅能结合己酉运看长期底色。该原生接口只有本命与大运信息，没有可用的年度预测接口，无法诚实断出这三年具体升职、分合、入学或财务事件。,https://www.astrology.tw/fortune-telling/marriage
太卜·八字,V04,2016—2018,开始恋爱 2017—2018; 分手 2018,,感情:先后有不同变化,事业:无法判断; 感情:无法判断; 学业:无法判断; 钱财:无法判断,0,0,0,0,0,0.0,本命四柱为乙亥、乙酉、戊辰、甲子，当前窗口仅能结合丁亥运、戊子运看长期底色。该原生接口只有本命与大运信息，没有可用的年度预测接口，无法诚实断出这三年具体升职、分合、入学或财务事件。,https://www.astrology.tw/fortune-telling/marriage
太卜·八字,V05,2016—2018,结婚 2018,,感情:关系形成/推进,事业:无法判断; 感情:无法判断; 学业:无法判断; 钱财:无法判断,0,0,0,0,0,0.0,本命四柱为癸酉、辛酉、庚子、丙子，当前窗口仅能结合癸亥运看长期底色。该原生接口只有本命与大运信息，没有可用的年度预测接口，无法诚实断出这三年具体升职、分合、入学或财务事件。,https://www.astrology.tw/fortune-telling/marriage
太卜·八字,V06,2016—2018,开始恋爱 2017; 分手 2018,,感情:先后有不同变化,事业:无法判断; 感情:无法判断; 学业:无法判断; 钱财:无法判断,0,0,0,0,0,0.0,本命四柱为己巳、丙寅、丙辰、己丑，当前窗口仅能结合己巳运看长期底色。该原生接口只有本命与大运信息，没有可用的年度预测接口，无法诚实断出这三年具体升职、分合、入学或财务事件。,https://www.astrology.tw/fortune-telling/marriage
太卜·八字,V07,2013—2015,开始恋爱 2013; 升学 2015,,感情:关系形成/推进; 学业:学业推进,事业:无法判断; 感情:无法判断; 学业:无法判断; 钱财:无法判断,0,0,0,0,0,0.0,本命四柱为壬申、丙午、癸亥、戊午，当前窗口仅能结合戊申运看长期底色。该原生接口只有本命与大运信息，没有可用的年度预测接口，无法诚实断出这三年具体升职、分合、入学或财务事件。,https://www.astrology.tw/fortune-telling/marriage
太卜·八字,V08,2013—2015,开始恋爱 2015,,感情:关系形成/推进,事业:无法判断; 感情:无法判断; 学业:无法判断; 钱财:无法判断,0,0,0,0,0,0.0,本命四柱为癸酉、壬戌、戊寅、乙卯，当前窗口仅能结合庚申运看长期底色。该原生接口只有本命与大运信息，没有可用的年度预测接口，无法诚实断出这三年具体升职、分合、入学或财务事件。,https://www.astrology.tw/fortune-telling/marriage
太卜·八字,V09,2015—2017,分手 2017; 开始恋爱 2017,,感情:先后有不同变化,事业:无法判断; 感情:无法判断; 学业:无法判断; 钱财:无法判断,0,0,0,0,0,0.0,本命四柱为乙亥、戊子、壬辰、壬子，当前窗口仅能结合庚寅运看长期底色。该原生接口只有本命与大运信息，没有可用的年度预测接口，无法诚实断出这三年具体升职、分合、入学或财务事件。,https://www.astrology.tw/fortune-telling/marriage
太卜·八字,V10,2017—2019,分手 2019,,感情:关系结束,事业:无法判断; 感情:无法判断; 学业:无法判断; 钱财:无法判断,0,0,0,0,0,0.0,本命四柱为丙子、丁酉、戊辰、癸亥，当前窗口仅能结合乙未运看长期底色。该原生接口只有本命与大运信息，没有可用的年度预测接口，无法诚实断出这三年具体升职、分合、入学或财务事件。,https://www.astrology.tw/fortune-telling/marriage
太卜·八字,V11,2013—2015,创业或生意失败 2013; 开始恋爱 2014; 亏损或负债恶化 2013; 钱财增加 2014,,事业:变差; 感情:关系形成/推进; 钱财:先后有不同变化,事业:无法判断; 感情:无法判断; 学业:无法判断; 钱财:无法判断,0,0,0,0,0,0.0,本命四柱为丙寅、戊戌、乙巳、戊寅，当前窗口仅能结合辛丑运看长期底色。该原生接口只有本命与大运信息，没有可用的年度预测接口，无法诚实断出这三年具体升职、分合、入学或财务事件。,https://www.wo-ow.cn/1153
太卜·八字,V12,2019—2021,开始新工作 2020; 结婚 2020,,事业:变好; 感情:关系形成/推进,事业:无法判断; 感情:无法判断; 学业:无法判断; 钱财:无法判断,0,0,0,0,0,0.0,本命四柱为辛未、戊戌、庚申、壬午，当前窗口仅能结合乙未运看长期底色。该原生接口只有本命与大运信息，没有可用的年度预测接口，无法诚实断出这三年具体升职、分合、入学或财务事件。,https://www.wo-ow.cn/1153
太卜·八字,V13,2021—2023,亏损或负债恶化 2022—2023,,钱财:变差,事业:无法判断; 感情:无法判断; 学业:无法判断; 钱财:无法判断,0,0,0,0,0,0.0,本命四柱为己巳、丙寅、己酉、丙寅，当前窗口仅能结合己巳运看长期底色。该原生接口只有本命与大运信息，没有可用的年度预测接口，无法诚实断出这三年具体升职、分合、入学或财务事件。,https://www.wo-ow.cn/1153
太卜·八字,V14,2011—2013,失业或被裁 2011; 开始新工作 2012,,事业:先后有不同变化,事业:无法判断; 感情:无法判断; 学业:无法判断; 钱财:无法判断,0,0,0,0,0,0.0,本命四柱为乙丑、己卯、己未、丁卯，当前窗口仅能结合壬午运看长期底色。该原生接口只有本命与大运信息，没有可用的年度预测接口，无法诚实断出这三年具体升职、分合、入学或财务事件。,https://www.wo-ow.cn/1153
太卜·八字,V15,2020—2022,开始新工作 2022; 开始恋爱 2022; 毕业 2020,,事业:变好; 感情:关系形成/推进; 学业:学业推进,事业:无法判断; 感情:无法判断; 学业:无法判断; 钱财:无法判断,0,0,0,0,0,0.0,本命四柱为丁丑、丁未、癸酉、丙辰，当前窗口仅能结合乙巳运看长期底色。该原生接口只有本命与大运信息，没有可用的年度预测接口，无法诚实断出这三年具体升职、分合、入学或财务事件。,https://www.wo-ow.cn/1153
太卜·八字,V16,2007—2009,开始新工作 2007; 结婚 2009; 换工作或岗位 2008,,事业:有变动; 感情:关系形成/推进,事业:无法判断; 感情:无法判断; 学业:无法判断; 钱财:无法判断,0,0,0,0,0,0.0,本命四柱为丙寅、辛卯、乙卯、癸未，当前窗口仅能结合己丑运、戊子运看长期底色。该原生接口只有本命与大运信息，没有可用的年度预测接口，无法诚实断出这三年具体升职、分合、入学或财务事件。,https://www.wo-ow.cn/1153
太卜·八字,V17,2021—2023,换工作或岗位 2023; 亏损或负债恶化 2023,,事业:变好; 钱财:变差,事业:无法判断; 感情:无法判断; 学业:无法判断; 钱财:无法判断,0,0,0,0,0,0.0,本命四柱为乙亥、乙酉、己酉、庚午，当前窗口仅能结合壬午运看长期底色。该原生接口只有本命与大运信息，没有可用的年度预测接口，无法诚实断出这三年具体升职、分合、入学或财务事件。,https://www.wo-ow.cn/1153
太卜·八字,V18,2018—2020,职位提升 2020; 钱财增加 2018—2019,,事业:变好; 钱财:变好,事业:无法判断; 感情:无法判断; 学业:无法判断; 钱财:无法判断,0,0,0,0,0,0.0,本命四柱为乙丑、戊寅、戊寅、癸丑，当前窗口仅能结合甲戌运看长期底色。该原生接口只有本命与大运信息，没有可用的年度预测接口，无法诚实断出这三年具体升职、分合、入学或财务事件。,https://www.wo-ow.cn/1153
太卜·八字,V19,2013—2015,开始创业或开公司 2015; 离婚 2015; 亏损或负债恶化 2015,,事业:有变动; 感情:关系结束; 钱财:变差,事业:无法判断; 感情:无法判断; 学业:无法判断; 钱财:无法判断,0,0,0,0,0,0.0,本命四柱为丙辰、丙申、戊午、庚申，当前窗口仅能结合庚子运看长期底色。该原生接口只有本命与大运信息，没有可用的年度预测接口，无法诚实断出这三年具体升职、分合、入学或财务事件。,https://www.wo-ow.cn/1153
太卜·八字,V20,2021—2023,开始新工作 2023; 分手 2021,,事业:变好; 感情:关系结束,事业:无法判断; 感情:无法判断; 学业:无法判断; 钱财:无法判断,0,0,0,0,0,0.0,本命四柱为戊寅、辛酉、戊辰、己未，当前窗口仅能结合癸亥运看长期底色。该原生接口只有本命与大运信息，没有可用的年度预测接口，无法诚实断出这三年具体升职、分合、入学或财务事件。,https://www.wo-ow.cn/1153
太卜·八字,V21,2007—2009,开始创业或开公司 2009,,事业:变好,事业:无法判断; 感情:无法判断; 学业:无法判断; 钱财:无法判断,0,0,0,0,0,0.0,本命四柱为丁未、辛亥、乙未、丁丑，当前窗口仅能结合丁未运看长期底色。该原生接口只有本命与大运信息，没有可用的年度预测接口，无法诚实断出这三年具体升职、分合、入学或财务事件。,https://www.wo-ow.cn/1153
太卜·八字,V22,2005—2007,开始新工作 2007; 毕业 2006,,事业:变好; 学业:学业推进,事业:无法判断; 感情:无法判断; 学业:无法判断; 钱财:无法判断,0,0,0,0,0,0.0,本命四柱为壬戌、丙午、甲申、辛未，当前窗口仅能结合己酉运看长期底色。该原生接口只有本命与大运信息，没有可用的年度预测接口，无法诚实断出这三年具体升职、分合、入学或财务事件。,https://destiny.to/ubbthreads/topic/107176
太卜·八字,V23,2021—2023,延期毕业 2022,,学业:学业受挫,事业:无法判断; 感情:无法判断; 学业:无法判断; 钱财:无法判断,0,0,0,0,0,0.0,本命四柱为己卯、庚午、辛亥、丁酉，当前窗口仅能结合戊辰运看长期底色。该原生接口只有本命与大运信息，没有可用的年度预测接口，无法诚实断出这三年具体升职、分合、入学或财务事件。,https://www.wo-ow.cn/1153
太卜·八字,V24,2021—2023,开始新工作 2022; 主动辞职 2023,,事业:有变动,事业:无法判断; 感情:无法判断; 学业:无法判断; 钱财:无法判断,0,0,0,0,0,0.0,本命四柱为庚辰、己丑、辛巳、乙未，当前窗口仅能结合辛卯运看长期底色。该原生接口只有本命与大运信息，没有可用的年度预测接口，无法诚实断出这三年具体升职、分合、入学或财务事件。,https://www.wo-ow.cn/1153
太卜·紫微,V01,2006—2008,分手 2008,2006年前后工作职责或岗位较可能出现一次调整，像是接手新职责或转换工作内容。,感情:关系结束,事业:有变动; 感情:关系冲突; 学业:先后有不同变化; 钱财:先后有不同变化,0,0,0,1,0,0.0,事业较有变动；感情相处需磨合；学业有进有退；钱财进出并见。较明确的窗口落在2006年事业。,https://www.astrology.tw/fortune-telling/marriage
太卜·紫微,V02,2015—2017,分手 2017; 开始恋爱 2017,,感情:先后有不同变化,事业:有变动; 感情:关系冲突; 学业:先后有不同变化; 钱财:先后有不同变化,0,0,0,0,0,0.0,事业较有变动；感情相处需磨合；学业有进有退；钱财进出并见。,https://www.astrology.tw/fortune-telling/marriage
太卜·紫微,V03,2014—2016,分手 2015—2016; 开始恋爱 2015—2016,,感情:先后有不同变化,事业:有变动; 感情:关系冲突; 学业:先后有不同变化; 钱财:变差,0,0,0,0,0,0.0,事业较有变动；感情相处需磨合；学业有进有退；钱财支出/损耗偏多。,https://www.astrology.tw/fortune-telling/marriage
太卜·紫微,V04,2016—2018,开始恋爱 2017—2018; 分手 2018,2018年前后工作职责或岗位较可能出现一次调整，像是接手新职责或转换工作内容。,感情:先后有不同变化,事业:有变动; 感情:关系冲突; 学业:先后有不同变化; 钱财:先后有不同变化,0,0,0,1,0,0.0,事业较有变动；感情相处需磨合；学业有进有退；钱财进出并见。较明确的窗口落在2018年事业。,https://www.astrology.tw/fortune-telling/marriage
太卜·紫微,V05,2016—2018,结婚 2018,2018年前后工作职责或岗位较可能出现一次调整，像是接手新职责或转换工作内容。,感情:关系形成/推进,事业:有变动; 感情:关系冲突; 学业:先后有不同变化; 钱财:先后有不同变化,0,0,0,1,0,0.0,事业较有变动；感情相处需磨合；学业有进有退；钱财进出并见。较明确的窗口落在2018年事业。,https://www.astrology.tw/fortune-telling/marriage
太卜·紫微,V06,2016—2018,开始恋爱 2017; 分手 2018,2018年前后工作职责或岗位较可能出现一次调整，像是接手新职责或转换工作内容。,感情:先后有不同变化,事业:有变动; 感情:关系冲突; 学业:先后有不同变化; 钱财:先后有不同变化,0,0,0,1,0,0.0,事业较有变动；感情相处需磨合；学业有进有退；钱财进出并见。较明确的窗口落在2018年事业。,https://www.astrology.tw/fortune-telling/marriage
太卜·紫微,V07,2013—2015,开始恋爱 2013; 升学 2015,2014年前后有一次收入或款项增加的机会，仍要看实际合同与现金流。,感情:关系形成/推进; 学业:学业推进,事业:有变动; 感情:关系冲突; 学业:先后有不同变化; 钱财:先后有不同变化,0,0,0,1,0,0.0,事业较有变动；感情相处需磨合；学业有进有退；钱财进出并见。较明确的窗口落在2014年钱财。,https://www.astrology.tw/fortune-telling/marriage
太卜·紫微,V08,2013—2015,开始恋爱 2015,2014年前后有一次收入或款项增加的机会，仍要看实际合同与现金流。,感情:关系形成/推进,事业:有变动; 感情:关系冲突; 学业:先后有不同变化; 钱财:先后有不同变化,0,0,0,1,0,0.0,事业较有变动；感情相处需磨合；学业有进有退；钱财进出并见。较明确的窗口落在2014年钱财。,https://www.astrology.tw/fortune-telling/marriage
太卜·紫微,V09,2015—2017,分手 2017; 开始恋爱 2017,,感情:先后有不同变化,事业:有变动; 感情:关系冲突; 学业:先后有不同变化; 钱财:变差,0,0,0,0,0,0.0,事业较有变动；感情相处需磨合；学业有进有退；钱财支出/损耗偏多。,https://www.astrology.tw/fortune-telling/marriage
太卜·紫微,V10,2017—2019,分手 2019,2018年前后工作职责或岗位较可能出现一次调整，像是接手新职责或转换工作内容。,感情:关系结束,事业:有变动; 感情:关系冲突; 学业:先后有不同变化; 钱财:变差,0,0,0,1,0,0.0,事业较有变动；感情相处需磨合；学业有进有退；钱财支出/损耗偏多。较明确的窗口落在2018年事业。,https://www.astrology.tw/fortune-telling/marriage
太卜·紫微,V11,2013—2015,创业或生意失败 2013; 开始恋爱 2014; 亏损或负债恶化 2013; 钱财增加 2014,2014年前后有一次收入或款项增加的机会，仍要看实际合同与现金流。,事业:变差; 感情:关系形成/推进; 钱财:先后有不同变化,事业:有变动; 感情:关系冲突; 学业:先后有不同变化; 钱财:先后有不同变化,1,0,0,0,0,23.33,事业较有变动；感情相处需磨合；学业有进有退；钱财进出并见。较明确的窗口落在2014年钱财。,https://www.wo-ow.cn/1153
太卜·紫微,V12,2019—2021,开始新工作 2020; 结婚 2020,,事业:变好; 感情:关系形成/推进,事业:有变动; 感情:关系冲突; 学业:先后有不同变化; 钱财:变差,0,0,0,0,0,0.0,事业较有变动；感情相处需磨合；学业有进有退；钱财支出/损耗偏多。,https://www.wo-ow.cn/1153
太卜·紫微,V13,2021—2023,亏损或负债恶化 2022—2023,,钱财:变差,事业:有变动; 感情:关系冲突; 学业:先后有不同变化; 钱财:先后有不同变化,0,0,0,0,0,0.0,事业较有变动；感情相处需磨合；学业有进有退；钱财进出并见。,https://www.wo-ow.cn/1153
太卜·紫微,V14,2011—2013,失业或被裁 2011; 开始新工作 2012,2012年前后感情互动更容易成为焦点，已有关系需谈清安排。,事业:先后有不同变化,事业:有变动; 感情:关系冲突; 学业:先后有不同变化; 钱财:先后有不同变化,0,0,0,1,0,0.0,事业较有变动；感情相处需磨合；学业有进有退；钱财进出并见。较明确的窗口落在2012年感情。,https://www.wo-ow.cn/1153
太卜·紫微,V15,2020—2022,开始新工作 2022; 开始恋爱 2022; 毕业 2020,,事业:变好; 感情:关系形成/推进; 学业:学业推进,事业:有变动; 感情:关系冲突; 学业:先后有不同变化; 钱财:先后有不同变化,0,0,0,0,0,0.0,事业较有变动；感情相处需磨合；学业有进有退；钱财进出并见。,https://www.wo-ow.cn/1153
太卜·紫微,V16,2007—2009,开始新工作 2007; 结婚 2009; 换工作或岗位 2008,,事业:有变动; 感情:关系形成/推进,事业:有变动; 感情:关系冲突; 学业:先后有不同变化; 钱财:先后有不同变化,0,0,0,0,0,12.5,事业较有变动；感情相处需磨合；学业有进有退；钱财进出并见。,https://www.wo-ow.cn/1153
太卜·紫微,V17,2021—2023,换工作或岗位 2023; 亏损或负债恶化 2023,,事业:变好; 钱财:变差,事业:有变动; 感情:关系冲突; 学业:先后有不同变化; 钱财:先后有不同变化,0,0,0,0,0,0.0,事业较有变动；感情相处需磨合；学业有进有退；钱财进出并见。,https://www.wo-ow.cn/1153
太卜·紫微,V18,2018—2020,职位提升 2020; 钱财增加 2018—2019,2018年前后工作职责或岗位较可能出现一次调整，像是接手新职责或转换工作内容。,事业:变好; 钱财:变好,事业:有变动; 感情:关系冲突; 学业:先后有不同变化; 钱财:变差,0,0,1,1,0,-5.0,事业较有变动；感情相处需磨合；学业有进有退；钱财支出/损耗偏多。较明确的窗口落在2018年事业。,https://www.wo-ow.cn/1153
太卜·紫微,V19,2013—2015,开始创业或开公司 2015; 离婚 2015; 亏损或负债恶化 2015,2014年前后有一次收入或款项增加的机会，仍要看实际合同与现金流。,事业:有变动; 感情:关系结束; 钱财:变差,事业:有变动; 感情:关系冲突; 学业:先后有不同变化; 钱财:先后有不同变化,0,0,0,0,0,8.33,事业较有变动；感情相处需磨合；学业有进有退；钱财进出并见。较明确的窗口落在2014年钱财。,https://www.wo-ow.cn/1153
太卜·紫微,V20,2021—2023,开始新工作 2023; 分手 2021,,事业:变好; 感情:关系结束,事业:变好; 感情:关系冲突; 学业:学业推进; 钱财:先后有不同变化,0,0,0,0,0,12.5,事业偏有进展；感情相处需磨合；学业利于推进；钱财进出并见。,https://www.wo-ow.cn/1153
太卜·紫微,V21,2007—2009,开始创业或开公司 2009,,事业:变好,事业:有变动; 感情:关系冲突; 学业:先后有不同变化; 钱财:先后有不同变化,0,0,0,0,0,0.0,事业较有变动；感情相处需磨合；学业有进有退；钱财进出并见。,https://www.wo-ow.cn/1153
太卜·紫微,V22,2005—2007,开始新工作 2007; 毕业 2006,2006年前后工作职责或岗位较可能出现一次调整，像是接手新职责或转换工作内容。,事业:变好; 学业:学业推进,事业:变好; 感情:关系冲突; 学业:先后有不同变化; 钱财:变好,0,1,0,0,0,26.38,事业偏有进展；感情相处需磨合；学业有进有退；钱财偏有进账。较明确的窗口落在2006年事业。,https://destiny.to/ubbthreads/topic/107176
太卜·紫微,V23,2021—2023,延期毕业 2022,,学业:学业受挫,事业:有变动; 感情:关系冲突; 学业:先后有不同变化; 钱财:先后有不同变化,0,0,0,0,0,0.0,事业较有变动；感情相处需磨合；学业有进有退；钱财进出并见。,https://www.wo-ow.cn/1153
太卜·紫微,V24,2021—2023,开始新工作 2022; 主动辞职 2023,,事业:有变动,事业:有变动; 感情:关系冲突; 学业:先后有不同变化; 钱财:先后有不同变化,0,0,0,0,0,25.0,事业较有变动；感情相处需磨合；学业有进有退；钱财进出并见。,https://www.wo-ow.cn/1153
Daman塔罗,V01,2006—2008,分手 2008,,感情:关系结束,事业:稳定; 感情:稳定; 学业:无法判断; 钱财:无法判断,0,0,1,0,0,-10.0,过去圣杯六逆位，现在高塔正位，未来力量正位；三年主线偏向耐心调节。牌面只能提示阶段主题，不能定具体年份；其他领域没有明确信号，不强断。,https://www.astrology.tw/fortune-telling/marriage
Daman塔罗,V02,2015—2017,分手 2017; 开始恋爱 2017,,感情:先后有不同变化,事业:先后有不同变化; 感情:无法判断; 学业:无法判断; 钱财:无法判断,0,0,0,0,0,0.0,过去隐士正位，现在星币十正位，未来死神正位；三年主线偏向阶段转换。牌面只能提示阶段主题，不能定具体年份；其他领域没有明确信号，不强断。,https://www.astrology.tw/fortune-telling/marriage
Daman塔罗,V03,2014—2016,分手 2015—2016; 开始恋爱 2015—2016,,感情:先后有不同变化,事业:无法判断; 感情:无法判断; 学业:无法判断; 钱财:无法判断,0,0,0,0,0,0.0,过去宝剑二正位，现在女皇正位，未来圣杯七正位；三年主线偏向圣杯七。牌面只能提示阶段主题，不能定具体年份；其他领域没有明确信号，不强断。,https://www.astrology.tw/fortune-telling/marriage
Daman塔罗,V04,2016—2018,开始恋爱 2017—2018; 分手 2018,,感情:先后有不同变化,事业:无法判断; 感情:无法判断; 学业:无法判断; 钱财:无法判断,0,0,0,0,0,0.0,过去宝剑骑士正位，现在星币六正位，未来宝剑七正位；三年主线偏向宝剑七。牌面只能提示阶段主题，不能定具体年份；其他领域没有明确信号，不强断。,https://www.astrology.tw/fortune-telling/marriage
Daman塔罗,V05,2016—2018,结婚 2018,,感情:关系形成/推进,事业:无法判断; 感情:无法判断; 学业:无法判断; 钱财:无法判断,0,0,0,0,0,0.0,过去力量正位，现在星币五逆位，未来星币七逆位；三年主线偏向星币七。牌面只能提示阶段主题，不能定具体年份；其他领域没有明确信号，不强断。,https://www.astrology.tw/fortune-telling/marriage
Daman塔罗,V06,2016—2018,开始恋爱 2017; 分手 2018,,感情:先后有不同变化,事业:无法判断; 感情:稳定; 学业:无法判断; 钱财:无法判断,0,0,0,0,0,0.0,过去皇帝正位，现在权杖二正位，未来圣杯十正位；三年主线偏向情感满足。牌面只能提示阶段主题，不能定具体年份；其他领域没有明确信号，不强断。,https://www.astrology.tw/fortune-telling/marriage
Daman塔罗,V07,2013—2015,开始恋爱 2013; 升学 2015,,感情:关系形成/推进; 学业:学业推进,事业:稳定; 感情:稳定; 学业:无法判断; 钱财:无法判断,0,0,0,0,0,0.0,过去星币骑士逆位，现在权杖七逆位，未来节制正位；三年主线偏向渐进平衡。牌面只能提示阶段主题，不能定具体年份；其他领域没有明确信号，不强断。,https://www.astrology.tw/fortune-telling/marriage
Daman塔罗,V08,2013—2015,开始恋爱 2015,,感情:关系形成/推进,事业:变好; 感情:无法判断; 学业:无法判断; 钱财:无法判断,0,0,0,0,0,0.0,过去圣杯十逆位，现在太阳逆位，未来权杖Ace正位；三年主线偏向行动开端。牌面只能提示阶段主题，不能定具体年份；其他领域没有明确信号，不强断。,https://www.astrology.tw/fortune-telling/marriage
Daman塔罗,V09,2015—2017,分手 2017; 开始恋爱 2017,,感情:先后有不同变化,事业:无法判断; 感情:无法判断; 学业:无法判断; 钱财:无法判断,0,0,0,0,0,0.0,过去星币九逆位，现在宝剑三逆位，未来女皇正位；三年主线偏向女皇。牌面只能提示阶段主题，不能定具体年份；其他领域没有明确信号，不强断。,https://www.astrology.tw/fortune-telling/marriage
Daman塔罗,V10,2017—2019,分手 2019,,感情:关系结束,事业:稳定; 感情:无法判断; 学业:学业推进; 钱财:无法判断,0,0,0,0,0,0.0,过去女皇正位，现在宝剑三正位，未来星币侍从正位；三年主线偏向务实学习。牌面只能提示阶段主题，不能定具体年份；其他领域没有明确信号，不强断。,https://www.astrology.tw/fortune-telling/marriage
Daman塔罗,V11,2013—2015,创业或生意失败 2013; 开始恋爱 2014; 亏损或负债恶化 2013; 钱财增加 2014,,事业:变差; 感情:关系形成/推进; 钱财:先后有不同变化,事业:无法判断; 感情:无法判断; 学业:无法判断; 钱财:无法判断,0,0,0,0,0,0.0,过去圣杯Ace正位，现在星币侍从正位，未来权杖二正位；三年主线偏向权杖二。牌面只能提示阶段主题，不能定具体年份；其他领域没有明确信号，不强断。,https://www.wo-ow.cn/1153
Daman塔罗,V12,2019—2021,开始新工作 2020; 结婚 2020,,事业:变好; 感情:关系形成/推进,事业:无法判断; 感情:无法判断; 学业:无法判断; 钱财:无法判断,0,0,0,0,0,0.0,过去权杖国王正位，现在圣杯十正位，未来正义逆位；三年主线偏向规则结果。牌面只能提示阶段主题，不能定具体年份；其他领域没有明确信号，不强断。,https://www.wo-ow.cn/1153
Daman塔罗,V13,2021—2023,亏损或负债恶化 2022—2023,,钱财:变差,事业:先后有不同变化; 感情:无法判断; 学业:无法判断; 钱财:无法判断,0,0,0,0,0,0.0,过去恋人正位，现在教皇正位，未来死神正位；三年主线偏向阶段转换。牌面只能提示阶段主题，不能定具体年份；其他领域没有明确信号，不强断。,https://www.wo-ow.cn/1153
Daman塔罗,V14,2011—2013,失业或被裁 2011; 开始新工作 2012,,事业:先后有不同变化,事业:无法判断; 感情:无法判断; 学业:无法判断; 钱财:无法判断,0,0,0,0,0,0.0,过去权杖十正位，现在世界正位，未来权杖二逆位；三年主线偏向权杖二。牌面只能提示阶段主题，不能定具体年份；其他领域没有明确信号，不强断。,https://www.wo-ow.cn/1153
Daman塔罗,V15,2020—2022,开始新工作 2022; 开始恋爱 2022; 毕业 2020,,事业:变好; 感情:关系形成/推进; 学业:学业推进,事业:无法判断; 感情:无法判断; 学业:无法判断; 钱财:无法判断,0,0,0,0,0,0.0,过去星币Ace正位，现在星币五正位，未来教皇正位；三年主线偏向教皇。牌面只能提示阶段主题，不能定具体年份；其他领域没有明确信号，不强断。,https://www.wo-ow.cn/1153
Daman塔罗,V16,2007—2009,开始新工作 2007; 结婚 2009; 换工作或岗位 2008,,事业:有变动; 感情:关系形成/推进,事业:无法判断; 感情:无法判断; 学业:无法判断; 钱财:无法判断,0,0,0,0,0,0.0,过去权杖十逆位，现在权杖四逆位，未来圣杯四正位；三年主线偏向兴趣低落。牌面只能提示阶段主题，不能定具体年份；其他领域没有明确信号，不强断。,https://www.wo-ow.cn/1153
Daman塔罗,V17,2021—2023,换工作或岗位 2023; 亏损或负债恶化 2023,,事业:变好; 钱财:变差,事业:无法判断; 感情:关系形成/推进; 学业:无法判断; 钱财:无法判断,0,0,0,0,0,0.0,过去星币Ace正位，现在圣杯三正位，未来圣杯骑士正位；三年主线偏向圣杯骑士。牌面只能提示阶段主题，不能定具体年份；其他领域没有明确信号，不强断。,https://www.wo-ow.cn/1153
Daman塔罗,V18,2018—2020,职位提升 2020; 钱财增加 2018—2019,未来位呈现关系互相靠近或情感开放的机会，三年窗口内较适合形成一段有回应的关系；具体年份和是否落实无法从三张牌定位。,事业:变好; 钱财:变好,事业:无法判断; 感情:关系形成/推进; 学业:无法判断; 钱财:无法判断,0,0,0,1,0,0.0,过去宝剑侍从正位，现在宝剑十正位，未来恋人正位；三年主线偏向关系选择。牌面只能提示阶段主题，不能定具体年份；其他领域没有明确信号，不强断。,https://www.wo-ow.cn/1153
Daman塔罗,V19,2013—2015,开始创业或开公司 2015; 离婚 2015; 亏损或负债恶化 2015,,事业:有变动; 感情:关系结束; 钱财:变差,事业:无法判断; 感情:无法判断; 学业:无法判断; 钱财:无法判断,0,0,0,0,0,0.0,过去宝剑七正位，现在宝剑二逆位，未来皇帝逆位；三年主线偏向皇帝。牌面只能提示阶段主题，不能定具体年份；其他领域没有明确信号，不强断。,https://www.wo-ow.cn/1153
Daman塔罗,V20,2021—2023,开始新工作 2023; 分手 2021,,事业:变好; 感情:关系结束,事业:无法判断; 感情:无法判断; 学业:无法判断; 钱财:无法判断,0,0,0,0,0,0.0,过去世界正位，现在星币皇后正位，未来宝剑五正位；三年主线偏向宝剑五。牌面只能提示阶段主题，不能定具体年份；其他领域没有明确信号，不强断。,https://www.wo-ow.cn/1153
Daman塔罗,V21,2007—2009,开始创业或开公司 2009,,事业:变好,事业:无法判断; 感情:无法判断; 学业:无法判断; 钱财:无法判断,0,0,0,0,0,0.0,过去月亮正位，现在宝剑二正位，未来圣杯四正位；三年主线偏向兴趣低落。牌面只能提示阶段主题，不能定具体年份；其他领域没有明确信号，不强断。,https://www.wo-ow.cn/1153
Daman塔罗,V22,2005—2007,开始新工作 2007; 毕业 2006,,事业:变好; 学业:学业推进,事业:变好; 感情:无法判断; 学业:无法判断; 钱财:无法判断,0,0,0,0,0,12.5,过去星币皇后逆位，现在命运之轮逆位，未来魔术师正位；三年主线偏向主动启动。牌面只能提示阶段主题，不能定具体年份；其他领域没有明确信号，不强断。,https://destiny.to/ubbthreads/topic/107176
Daman塔罗,V23,2021—2023,延期毕业 2022,,学业:学业受挫,事业:无法判断; 感情:无法判断; 学业:无法判断; 钱财:无法判断,0,0,0,0,0,0.0,过去星币骑士正位，现在权杖九正位，未来战车逆位；三年主线偏向战车。牌面只能提示阶段主题，不能定具体年份；其他领域没有明确信号，不强断。,https://www.wo-ow.cn/1153
Daman塔罗,V24,2021—2023,开始新工作 2022; 主动辞职 2023,,事业:有变动,事业:无法判断; 感情:无法判断; 学业:无法判断; 钱财:无法判断,0,0,0,0,0,0.0,过去星币Ace正位，现在女祭司正位，未来权杖九正位；三年主线偏向权杖九。牌面只能提示阶段主题，不能定具体年份；其他领域没有明确信号，不强断。,https://www.wo-ow.cn/1153
太卜·塔罗,V01,2006—2008,分手 2008,,感情:关系结束,事业:无法判断; 感情:无法判断; 学业:无法判断; 钱财:变好,0,0,0,0,0,0.0,过去恋人逆位，现在审判逆位，未来星币一正位；三年主线偏向现实机会。牌面只能提示阶段主题，不能定具体年份；其他领域没有明确信号，不强断。,https://www.astrology.tw/fortune-telling/marriage
太卜·塔罗,V02,2015—2017,分手 2017; 开始恋爱 2017,,感情:先后有不同变化,事业:稳定; 感情:无法判断; 学业:无法判断; 钱财:无法判断,0,0,0,0,0,0.0,过去圣杯骑士逆位，现在皇帝逆位，未来星币骑士正位；三年主线偏向稳定推进。牌面只能提示阶段主题，不能定具体年份；其他领域没有明确信号，不强断。,https://www.astrology.tw/fortune-telling/marriage
太卜·塔罗,V03,2014—2016,分手 2015—2016; 开始恋爱 2015—2016,,感情:先后有不同变化,事业:先后有不同变化; 感情:无法判断; 学业:无法判断; 钱财:无法判断,0,0,0,0,0,0.0,过去圣杯骑士正位，现在圣杯侍从逆位，未来宝剑十正位；三年主线偏向阶段结束。牌面只能提示阶段主题，不能定具体年份；其他领域没有明确信号，不强断。,https://www.astrology.tw/fortune-telling/marriage
太卜·塔罗,V04,2016—2018,开始恋爱 2017—2018; 分手 2018,未来位呈现关系互相靠近或情感开放的机会，三年窗口内较适合形成一段有回应的关系；具体年份和是否落实无法从三张牌定位。,感情:先后有不同变化,事业:无法判断; 感情:关系形成/推进; 学业:无法判断; 钱财:无法判断,1,0,0,0,0,22.5,过去圣杯一逆位，现在星币五逆位，未来圣杯二正位；三年主线偏向相互靠近。牌面只能提示阶段主题，不能定具体年份；其他领域没有明确信号，不强断。,https://www.astrology.tw/fortune-telling/marriage
太卜·塔罗,V05,2016—2018,结婚 2018,,感情:关系形成/推进,事业:无法判断; 感情:无法判断; 学业:无法判断; 钱财:无法判断,0,0,0,0,0,0.0,过去审判逆位，现在塔逆位，未来权杖骑士逆位；三年主线偏向权杖骑士。牌面只能提示阶段主题，不能定具体年份；其他领域没有明确信号，不强断。,https://www.astrology.tw/fortune-telling/marriage
太卜·塔罗,V06,2016—2018,开始恋爱 2017; 分手 2018,,感情:先后有不同变化,事业:无法判断; 感情:无法判断; 学业:无法判断; 钱财:无法判断,0,0,0,0,0,0.0,过去圣杯国王逆位，现在女祭司逆位，未来命运之轮正位；三年主线偏向周期转折。牌面只能提示阶段主题，不能定具体年份；其他领域没有明确信号，不强断。,https://www.astrology.tw/fortune-telling/marriage
太卜·塔罗,V07,2013—2015,开始恋爱 2013; 升学 2015,,感情:关系形成/推进; 学业:学业推进,事业:无法判断; 感情:无法判断; 学业:无法判断; 钱财:变好,0,0,0,0,0,0.0,过去皇帝逆位，现在宝剑骑士逆位，未来星币一正位；三年主线偏向现实机会。牌面只能提示阶段主题，不能定具体年份；其他领域没有明确信号，不强断。,https://www.astrology.tw/fortune-telling/marriage
太卜·塔罗,V08,2013—2015,开始恋爱 2015,,感情:关系形成/推进,事业:无法判断; 感情:无法判断; 学业:无法判断; 钱财:无法判断,0,0,0,0,0,0.0,过去星币六正位，现在圣杯王后正位，未来圣杯四正位；三年主线偏向兴趣低落。牌面只能提示阶段主题，不能定具体年份；其他领域没有明确信号，不强断。,https://www.astrology.tw/fortune-telling/marriage
太卜·塔罗,V09,2015—2017,分手 2017; 开始恋爱 2017,,感情:先后有不同变化,事业:稳定; 感情:稳定; 学业:无法判断; 钱财:无法判断,0,0,0,0,0,0.0,过去星币十正位，现在太阳正位，未来星星正位；三年主线偏向恢复希望。牌面只能提示阶段主题，不能定具体年份；其他领域没有明确信号，不强断。,https://www.astrology.tw/fortune-telling/marriage
太卜·塔罗,V10,2017—2019,分手 2019,,感情:关系结束,事业:无法判断; 感情:无法判断; 学业:无法判断; 钱财:稳定,0,0,0,0,0,0.0,过去星币一正位，现在审判正位，未来星币九正位；三年主线偏向独立积累。牌面只能提示阶段主题，不能定具体年份；其他领域没有明确信号，不强断。,https://www.astrology.tw/fortune-telling/marriage
太卜·塔罗,V11,2013—2015,创业或生意失败 2013; 开始恋爱 2014; 亏损或负债恶化 2013; 钱财增加 2014,,事业:变差; 感情:关系形成/推进; 钱财:先后有不同变化,事业:无法判断; 感情:无法判断; 学业:无法判断; 钱财:无法判断,0,0,0,0,0,0.0,过去宝剑骑士逆位，现在恶魔正位，未来宝剑七逆位；三年主线偏向宝剑七。牌面只能提示阶段主题，不能定具体年份；其他领域没有明确信号，不强断。,https://www.wo-ow.cn/1153
太卜·塔罗,V12,2019—2021,开始新工作 2020; 结婚 2020,,事业:变好; 感情:关系形成/推进,事业:无法判断; 感情:无法判断; 学业:无法判断; 钱财:无法判断,0,0,0,0,0,0.0,过去权杖骑士逆位，现在宝剑九正位，未来倒吊人逆位；三年主线偏向暂停观察。牌面只能提示阶段主题，不能定具体年份；其他领域没有明确信号，不强断。,https://www.wo-ow.cn/1153
太卜·塔罗,V13,2021—2023,亏损或负债恶化 2022—2023,,钱财:变差,事业:稳定; 感情:无法判断; 学业:无法判断; 钱财:无法判断,0,0,0,0,0,0.0,过去宝剑侍从正位，现在圣杯八逆位，未来星币骑士正位；三年主线偏向稳定推进。牌面只能提示阶段主题，不能定具体年份；其他领域没有明确信号，不强断。,https://www.wo-ow.cn/1153
太卜·塔罗,V14,2011—2013,失业或被裁 2011; 开始新工作 2012,未来位呈现关系互相靠近或情感开放的机会，三年窗口内较适合形成一段有回应的关系；具体年份和是否落实无法从三张牌定位。,事业:先后有不同变化,事业:无法判断; 感情:关系形成/推进; 学业:无法判断; 钱财:无法判断,0,0,0,1,0,0.0,过去圣杯国王正位，现在愚者正位，未来圣杯一正位；三年主线偏向情感开放。牌面只能提示阶段主题，不能定具体年份；其他领域没有明确信号，不强断。,https://www.wo-ow.cn/1153
太卜·塔罗,V15,2020—2022,开始新工作 2022; 开始恋爱 2022; 毕业 2020,,事业:变好; 感情:关系形成/推进; 学业:学业推进,事业:无法判断; 感情:无法判断; 学业:无法判断; 钱财:无法判断,0,0,0,0,0,0.0,过去星币四正位，现在圣杯八逆位，未来力量逆位；三年主线偏向耐心调节。牌面只能提示阶段主题，不能定具体年份；其他领域没有明确信号，不强断。,https://www.wo-ow.cn/1153
太卜·塔罗,V16,2007—2009,开始新工作 2007; 结婚 2009; 换工作或岗位 2008,,事业:有变动; 感情:关系形成/推进,事业:无法判断; 感情:无法判断; 学业:无法判断; 钱财:无法判断,0,0,0,0,0,0.0,过去宝剑二逆位，现在权杖侍从逆位，未来圣杯三逆位；三年主线偏向圣杯三。牌面只能提示阶段主题，不能定具体年份；其他领域没有明确信号，不强断。,https://www.wo-ow.cn/1153
太卜·塔罗,V17,2021—2023,换工作或岗位 2023; 亏损或负债恶化 2023,,事业:变好; 钱财:变差,事业:无法判断; 感情:无法判断; 学业:无法判断; 钱财:稳定,0,0,1,0,0,-5.0,过去星币国王正位，现在宝剑八正位，未来星币十正位；三年主线偏向长期稳定。牌面只能提示阶段主题，不能定具体年份；其他领域没有明确信号，不强断。,https://www.wo-ow.cn/1153
太卜·塔罗,V18,2018—2020,职位提升 2020; 钱财增加 2018—2019,,事业:变好; 钱财:变好,事业:无法判断; 感情:无法判断; 学业:无法判断; 钱财:无法判断,0,0,0,0,0,0.0,过去权杖十逆位，现在倒吊人正位，未来权杖六逆位；三年主线偏向成果认可。牌面只能提示阶段主题，不能定具体年份；其他领域没有明确信号，不强断。,https://www.wo-ow.cn/1153
太卜·塔罗,V19,2013—2015,开始创业或开公司 2015; 离婚 2015; 亏损或负债恶化 2015,,事业:有变动; 感情:关系结束; 钱财:变差,事业:无法判断; 感情:无法判断; 学业:无法判断; 钱财:无法判断,0,0,0,0,0,0.0,过去力量逆位，现在圣杯王后正位，未来宝剑九逆位；三年主线偏向宝剑九。牌面只能提示阶段主题，不能定具体年份；其他领域没有明确信号，不强断。,https://www.wo-ow.cn/1153
太卜·塔罗,V20,2021—2023,开始新工作 2023; 分手 2021,,事业:变好; 感情:关系结束,事业:无法判断; 感情:无法判断; 学业:无法判断; 钱财:无法判断,0,0,0,0,0,0.0,过去圣杯骑士正位，现在圣杯国王正位，未来权杖侍从正位；三年主线偏向权杖侍从。牌面只能提示阶段主题，不能定具体年份；其他领域没有明确信号，不强断。,https://www.wo-ow.cn/1153
太卜·塔罗,V21,2007—2009,开始创业或开公司 2009,,事业:变好,事业:无法判断; 感情:关系形成/推进; 学业:无法判断; 钱财:无法判断,0,0,0,0,0,0.0,过去星币九逆位，现在星币一正位，未来圣杯骑士正位；三年主线偏向圣杯骑士。牌面只能提示阶段主题，不能定具体年份；其他领域没有明确信号，不强断。,https://www.wo-ow.cn/1153
太卜·塔罗,V22,2005—2007,开始新工作 2007; 毕业 2006,,事业:变好; 学业:学业推进,事业:无法判断; 感情:无法判断; 学业:无法判断; 钱财:无法判断,0,0,0,0,0,0.0,过去权杖四逆位，现在宝剑国王正位，未来圣杯十逆位；三年主线偏向情感满足。牌面只能提示阶段主题，不能定具体年份；其他领域没有明确信号，不强断。,https://destiny.to/ubbthreads/topic/107176
太卜·塔罗,V23,2021—2023,延期毕业 2022,,学业:学业受挫,事业:无法判断; 感情:无法判断; 学业:无法判断; 钱财:无法判断,0,0,0,0,0,0.0,过去圣杯国王逆位，现在倒吊人逆位，未来节制逆位；三年主线偏向渐进平衡。牌面只能提示阶段主题，不能定具体年份；其他领域没有明确信号，不强断。,https://www.wo-ow.cn/1153
太卜·塔罗,V24,2021—2023,开始新工作 2022; 主动辞职 2023,,事业:有变动,事业:无法判断; 感情:无法判断; 学业:无法判断; 钱财:无法判断,0,0,0,0,0,0.0,过去权杖骑士逆位，现在星币七正位，未来星币二正位；三年主线偏向星币二。牌面只能提示阶段主题，不能定具体年份；其他领域没有明确信号，不强断。,https://www.wo-ow.cn/1153
印度占星,V01,2006—2008,分手 2008,,感情:关系结束,事业:变好; 感情:先后有不同变化; 学业:学业推进; 钱财:先后有不同变化,0,0,0,0,0,0.0,Pisces上升；窗口小运Mars/Venus(2005-09-19至2006-11-19)、Mars/Sun(2006-11-19至2007-03-27)、Mars/Moon(2007-03-27至2007-10-26)、Rahu/Rah,https://www.astrology.tw/fortune-telling/marriage
印度占星,V02,2015—2017,分手 2017; 开始恋爱 2017,,感情:先后有不同变化,事业:有变动; 感情:关系形成/推进; 学业:学业推进; 钱财:变好,0,0,0,0,0,0.0,Scorpio上升；窗口小运Mars/Mercury(2014-09-26至2015-09-24)、Mars/Ketu(2015-09-24至2016-02-20)、Mars/Venus(2016-02-20至2017-04-21)、Mar,https://www.astrology.tw/fortune-telling/marriage
印度占星,V03,2014—2016,分手 2015—2016; 开始恋爱 2015—2016,,感情:先后有不同变化,事业:稳定; 感情:先后有不同变化; 学业:学业推进; 钱财:先后有不同变化,0,0,0,0,0,25.0,Cancer上升；窗口小运Rahu/Venus(2012-10-24至2015-10-24)、Rahu/Sun(2015-10-24至2016-09-17)、Rahu/Moon(2016-09-17至2018-03-19)。D1事业主Mar,https://www.astrology.tw/fortune-telling/marriage
印度占星,V04,2016—2018,开始恋爱 2017—2018; 分手 2018,,感情:先后有不同变化,事业:变好; 感情:先后有不同变化; 学业:学业推进; 钱财:先后有不同变化,0,0,0,0,0,25.0,Gemini上升；窗口小运Rahu/Sun(2015-05-09至2016-04-02)、Rahu/Moon(2016-04-02至2017-10-01)、Rahu/Mars(2017-10-01至2018-10-20)、Jupiter/J,https://www.astrology.tw/fortune-telling/marriage
印度占星,V05,2016—2018,结婚 2018,,感情:关系形成/推进,事业:有变动; 感情:关系形成/推进; 学业:学业推进; 钱财:先后有不同变化,0,0,0,0,0,25.0,Gemini上升；窗口小运Mars/Mars(2015-11-08至2016-04-05)、Mars/Rahu(2016-04-05至2017-04-24)、Mars/Jupiter(2017-04-24至2018-03-31)、Mars/,https://www.astrology.tw/fortune-telling/marriage
印度占星,V06,2016—2018,开始恋爱 2017; 分手 2018,,感情:先后有不同变化,事业:稳定; 感情:稳定; 学业:学业推进; 钱财:先后有不同变化,0,0,0,0,0,0.0,Scorpio上升；窗口小运Jupiter/Saturn(2014-04-06至2016-10-17)、Jupiter/Mercury(2016-10-17至2019-01-23)。D1事业主Sun在4宫、AmKMoon；关系主Venus/,https://www.astrology.tw/fortune-telling/marriage
印度占星,V07,2013—2015,开始恋爱 2013; 升学 2015,,感情:关系形成/推进; 学业:学业推进,事业:稳定; 感情:先后有不同变化; 学业:学业推进; 钱财:变好,0,0,0,0,0,12.5,Leo上升；窗口小运Sun/Sun(2012-10-10至2013-01-27)、Sun/Moon(2013-01-27至2013-07-29)、Sun/Mars(2013-07-29至2013-12-04)、Sun/Rahu(2013-1,https://www.astrology.tw/fortune-telling/marriage
印度占星,V08,2013—2015,开始恋爱 2015,,感情:关系形成/推进,事业:稳定; 感情:关系形成/推进; 学业:学业推进; 钱财:先后有不同变化,0,0,0,0,0,25.0,Virgo上升；窗口小运Rahu/Venus(2011-12-30至2014-12-30)、Rahu/Sun(2014-12-30至2015-11-24)、Rahu/Moon(2015-11-24至2017-05-25)。D1事业主Merc,https://www.astrology.tw/fortune-telling/marriage
印度占星,V09,2015—2017,分手 2017; 开始恋爱 2017,,感情:先后有不同变化,事业:变好; 感情:先后有不同变化; 学业:学业推进; 钱财:稳定,0,0,0,0,0,25.0,Leo上升；窗口小运Saturn/Moon(2013-11-25至2015-06-26)、Saturn/Mars(2015-06-26至2016-08-04)、Saturn/Rahu(2016-08-04至2019-06-11)。D1事业主,https://www.astrology.tw/fortune-telling/marriage
印度占星,V10,2017—2019,分手 2019,,感情:关系结束,事业:变好; 感情:关系形成/推进; 学业:学业推进; 钱财:先后有不同变化,0,0,1,0,0,-10.0,Taurus上升；窗口小运Venus/Saturn(2015-09-22至2018-11-22)、Venus/Mercury(2018-11-22至2021-09-21)。D1事业主Saturn在11宫、AmKMercury；关系主Mars,https://www.astrology.tw/fortune-telling/marriage
印度占星,V11,2013—2015,创业或生意失败 2013; 开始恋爱 2014; 亏损或负债恶化 2013; 钱财增加 2014,,事业:变差; 感情:关系形成/推进; 钱财:先后有不同变化,事业:无法判断; 感情:无法判断; 学业:无法判断; 钱财:无法判断,0,0,0,0,0,0.0,此资料未通过Vedic原生盘门槛，不能据此判断事业、感情、学业或钱财。,https://www.wo-ow.cn/1153
印度占星,V12,2019—2021,开始新工作 2020; 结婚 2020,,事业:变好; 感情:关系形成/推进,事业:无法判断; 感情:无法判断; 学业:无法判断; 钱财:无法判断,0,0,0,0,0,0.0,此资料未通过Vedic原生盘门槛，不能据此判断事业、感情、学业或钱财。,https://www.wo-ow.cn/1153
印度占星,V13,2021—2023,亏损或负债恶化 2022—2023,,钱财:变差,事业:无法判断; 感情:无法判断; 学业:无法判断; 钱财:无法判断,0,0,0,0,0,0.0,此资料未通过Vedic原生盘门槛，不能据此判断事业、感情、学业或钱财。,https://www.wo-ow.cn/1153
印度占星,V14,2011—2013,失业或被裁 2011; 开始新工作 2012,,事业:先后有不同变化,事业:无法判断; 感情:无法判断; 学业:无法判断; 钱财:无法判断,0,0,0,0,0,0.0,此资料未通过Vedic原生盘门槛，不能据此判断事业、感情、学业或钱财。,https://www.wo-ow.cn/1153
印度占星,V15,2020—2022,开始新工作 2022; 开始恋爱 2022; 毕业 2020,,事业:变好; 感情:关系形成/推进; 学业:学业推进,事业:无法判断; 感情:无法判断; 学业:无法判断; 钱财:无法判断,0,0,0,0,0,0.0,此资料未通过Vedic原生盘门槛，不能据此判断事业、感情、学业或钱财。,https://www.wo-ow.cn/1153
印度占星,V16,2007—2009,开始新工作 2007; 结婚 2009; 换工作或岗位 2008,,事业:有变动; 感情:关系形成/推进,事业:无法判断; 感情:无法判断; 学业:无法判断; 钱财:无法判断,0,0,0,0,0,0.0,此资料未通过Vedic原生盘门槛，不能据此判断事业、感情、学业或钱财。,https://www.wo-ow.cn/1153
印度占星,V17,2021—2023,换工作或岗位 2023; 亏损或负债恶化 2023,,事业:变好; 钱财:变差,事业:无法判断; 感情:无法判断; 学业:无法判断; 钱财:无法判断,0,0,0,0,0,0.0,此资料未通过Vedic原生盘门槛，不能据此判断事业、感情、学业或钱财。,https://www.wo-ow.cn/1153
印度占星,V18,2018—2020,职位提升 2020; 钱财增加 2018—2019,,事业:变好; 钱财:变好,事业:无法判断; 感情:无法判断; 学业:无法判断; 钱财:无法判断,0,0,0,0,0,0.0,此资料未通过Vedic原生盘门槛，不能据此判断事业、感情、学业或钱财。,https://www.wo-ow.cn/1153
印度占星,V19,2013—2015,开始创业或开公司 2015; 离婚 2015; 亏损或负债恶化 2015,,事业:有变动; 感情:关系结束; 钱财:变差,事业:无法判断; 感情:无法判断; 学业:无法判断; 钱财:无法判断,0,0,0,0,0,0.0,此资料未通过Vedic原生盘门槛，不能据此判断事业、感情、学业或钱财。,https://www.wo-ow.cn/1153
印度占星,V20,2021—2023,开始新工作 2023; 分手 2021,,事业:变好; 感情:关系结束,事业:无法判断; 感情:无法判断; 学业:无法判断; 钱财:无法判断,0,0,0,0,0,0.0,此资料未通过Vedic原生盘门槛，不能据此判断事业、感情、学业或钱财。,https://www.wo-ow.cn/1153
印度占星,V21,2007—2009,开始创业或开公司 2009,,事业:变好,事业:无法判断; 感情:无法判断; 学业:无法判断; 钱财:无法判断,0,0,0,0,0,0.0,此资料未通过Vedic原生盘门槛，不能据此判断事业、感情、学业或钱财。,https://www.wo-ow.cn/1153
印度占星,V22,2005—2007,开始新工作 2007; 毕业 2006,,事业:变好; 学业:学业推进,事业:无法判断; 感情:无法判断; 学业:无法判断; 钱财:无法判断,0,0,0,0,0,0.0,此资料未通过Vedic原生盘门槛，不能据此判断事业、感情、学业或钱财。,https://destiny.to/ubbthreads/topic/107176
印度占星,V23,2021—2023,延期毕业 2022,,学业:学业受挫,事业:无法判断; 感情:无法判断; 学业:无法判断; 钱财:无法判断,0,0,0,0,0,0.0,此资料未通过Vedic原生盘门槛，不能据此判断事业、感情、学业或钱财。,https://www.wo-ow.cn/1153
印度占星,V24,2021—2023,开始新工作 2022; 主动辞职 2023,,事业:有变动,事业:无法判断; 感情:无法判断; 学业:无法判断; 钱财:无法判断,0,0,0,0,0,0.0,此资料未通过Vedic原生盘门槛，不能据此判断事业、感情、学业或钱财。,https://www.wo-ow.cn/1153
Wolke紫微,V01,2006—2008,分手 2008,,感情:关系结束,事业:有变动; 感情:关系冲突; 学业:先后有不同变化; 钱财:先后有不同变化,0,0,0,0,0,0.0,事业较有变动；感情相处需磨合；学业有进有退；钱财进出并见。窗口中段约虚岁20，大限落兄弟宫（13-22）；,https://www.astrology.tw/fortune-telling/marriage
Wolke紫微,V02,2015—2017,分手 2017; 开始恋爱 2017,,感情:先后有不同变化,事业:有变动; 感情:关系冲突; 学业:先后有不同变化; 钱财:先后有不同变化,0,0,0,0,0,0.0,事业较有变动；感情相处需磨合；学业有进有退；钱财进出并见。窗口中段约虚岁20，大限落兄弟宫（16-25）；,https://www.astrology.tw/fortune-telling/marriage
Wolke紫微,V03,2014—2016,分手 2015—2016; 开始恋爱 2015—2016,,感情:先后有不同变化,事业:有变动; 感情:关系冲突; 学业:学业受挫; 钱财:变差,0,0,0,0,0,0.0,事业较有变动；感情相处需磨合；学业较易受阻；钱财支出/损耗偏多。窗口中段约虚岁18，大限落兄弟宫（13-22）；,https://www.astrology.tw/fortune-telling/marriage
Wolke紫微,V04,2016—2018,开始恋爱 2017—2018; 分手 2018,,感情:先后有不同变化,事业:变好; 感情:关系冲突; 学业:学业推进; 钱财:先后有不同变化,0,0,0,0,0,0.0,事业偏有进展；感情相处需磨合；学业利于推进；钱财进出并见。窗口中段约虚岁22，大限落福德宫（22-31）；,https://www.astrology.tw/fortune-telling/marriage
Wolke紫微,V05,2016—2018,结婚 2018,,感情:关系形成/推进,事业:有变动; 感情:关系冲突; 学业:先后有不同变化; 钱财:先后有不同变化,0,0,0,0,0,0.0,事业较有变动；感情相处需磨合；学业有进有退；钱财进出并见。窗口中段约虚岁24，大限落福德宫（24-33）；,https://www.astrology.tw/fortune-telling/marriage
Wolke紫微,V06,2016—2018,开始恋爱 2017; 分手 2018,,感情:先后有不同变化,事业:变好; 感情:关系形成/推进; 学业:学业推进; 钱财:变好,0,0,0,0,0,0.0,事业偏有进展；感情有靠近机会；学业利于推进；钱财偏有进账。窗口中段约虚岁28，大限落福德宫（22-31）；,https://www.astrology.tw/fortune-telling/marriage
Wolke紫微,V07,2013—2015,开始恋爱 2013; 升学 2015,,感情:关系形成/推进; 学业:学业推进,事业:变好; 感情:关系冲突; 学业:学业推进; 钱财:变好,0,0,0,0,0,12.5,事业偏有进展；感情相处需磨合；学业利于推进；钱财偏有进账。窗口中段约虚岁22，大限落父母宫（13-22）；,https://www.astrology.tw/fortune-telling/marriage
Wolke紫微,V08,2013—2015,开始恋爱 2015,,感情:关系形成/推进,事业:变好; 感情:关系形成/推进; 学业:先后有不同变化; 钱财:先后有不同变化,0,0,0,0,0,25.0,事业偏有进展；感情有靠近机会；学业有进有退；钱财进出并见。窗口中段约虚岁21，大限落兄弟宫（16-25）；,https://www.astrology.tw/fortune-telling/marriage
Wolke紫微,V09,2015—2017,分手 2017; 开始恋爱 2017,,感情:先后有不同变化,事业:有变动; 感情:关系冲突; 学业:先后有不同变化; 钱财:变差,0,0,0,0,0,0.0,事业较有变动；感情相处需磨合；学业有进有退；钱财支出/损耗偏多。窗口中段约虚岁21，大限落父母宫（16-25）；,https://www.astrology.tw/fortune-telling/marriage
Wolke紫微,V10,2017—2019,分手 2019,,感情:关系结束,事业:有变动; 感情:关系冲突; 学业:先后有不同变化; 钱财:变差,0,0,0,0,0,0.0,事业较有变动；感情相处需磨合；学业有进有退；钱财支出/损耗偏多。窗口中段约虚岁22，大限落兄弟宫（13-22）；,https://www.astrology.tw/fortune-telling/marriage
Wolke紫微,V11,2013—2015,创业或生意失败 2013; 开始恋爱 2014; 亏损或负债恶化 2013; 钱财增加 2014,,事业:变差; 感情:关系形成/推进; 钱财:先后有不同变化,事业:有变动; 感情:关系形成/推进; 学业:先后有不同变化; 钱财:先后有不同变化,0,0,0,0,0,16.67,事业较有变动；感情有靠近机会；学业有进有退；钱财进出并见。窗口中段约虚岁28，大限落福德宫（24-33）；,https://www.wo-ow.cn/1153
Wolke紫微,V12,2019—2021,开始新工作 2020; 结婚 2020,,事业:变好; 感情:关系形成/推进,事业:有变动; 感情:关系形成/推进; 学业:先后有不同变化; 钱财:变差,0,0,0,0,0,12.5,事业较有变动；感情有靠近机会；学业有进有退；钱财支出/损耗偏多。窗口中段约虚岁29，大限落夫妻宫（22-31）；,https://www.wo-ow.cn/1153
Wolke紫微,V13,2021—2023,亏损或负债恶化 2022—2023,,钱财:变差,事业:有变动; 感情:无法判断; 学业:先后有不同变化; 钱财:无法判断,0,0,0,0,0,0.0,事业较有变动；感情证据不足；学业有进有退；钱财证据不足。窗口中段约虚岁33，大限落福德宫（26-35）；,https://www.wo-ow.cn/1153
Wolke紫微,V14,2011—2013,失业或被裁 2011; 开始新工作 2012,,事业:先后有不同变化,事业:有变动; 感情:关系冲突; 学业:先后有不同变化; 钱财:先后有不同变化,0,0,0,0,0,0.0,事业较有变动；感情相处需磨合；学业有进有退；钱财进出并见。窗口中段约虚岁27，大限落福德宫（26-35）；,https://www.wo-ow.cn/1153
Wolke紫微,V15,2020—2022,开始新工作 2022; 开始恋爱 2022; 毕业 2020,,事业:变好; 感情:关系形成/推进; 学业:学业推进,事业:有变动; 感情:关系冲突; 学业:先后有不同变化; 钱财:先后有不同变化,0,0,0,0,0,0.0,事业较有变动；感情相处需磨合；学业有进有退；钱财进出并见。窗口中段约虚岁24，大限落夫妻宫（22-31）；,https://www.wo-ow.cn/1153
Wolke紫微,V16,2007—2009,开始新工作 2007; 结婚 2009; 换工作或岗位 2008,,事业:有变动; 感情:关系形成/推进,事业:有变动; 感情:关系冲突; 学业:先后有不同变化; 钱财:先后有不同变化,0,0,0,0,0,12.5,事业较有变动；感情相处需磨合；学业有进有退；钱财进出并见。窗口中段约虚岁22，大限落兄弟宫（14-23）；,https://www.wo-ow.cn/1153
Wolke紫微,V17,2021—2023,换工作或岗位 2023; 亏损或负债恶化 2023,,事业:变好; 钱财:变差,事业:变好; 感情:关系冲突; 学业:学业推进; 钱财:变好,0,0,1,0,0,7.5,事业偏有进展；感情相处需磨合；学业利于推进；钱财偏有进账。窗口中段约虚岁27，大限落夫妻宫（25-34）；,https://www.wo-ow.cn/1153
Wolke紫微,V18,2018—2020,职位提升 2020; 钱财增加 2018—2019,,事业:变好; 钱财:变好,事业:有变动; 感情:关系冲突; 学业:先后有不同变化; 钱财:先后有不同变化,0,0,0,0,0,0.0,事业较有变动；感情相处需磨合；学业有进有退；钱财进出并见。窗口中段约虚岁35，大限落福德宫（26-35）；,https://www.wo-ow.cn/1153
Wolke紫微,V19,2013—2015,开始创业或开公司 2015; 离婚 2015; 亏损或负债恶化 2015,,事业:有变动; 感情:关系结束; 钱财:变差,事业:有变动; 感情:关系冲突; 学业:先后有不同变化; 钱财:先后有不同变化,0,0,0,0,0,8.33,事业较有变动；感情相处需磨合；学业有进有退；钱财进出并见。窗口中段约虚岁38，大限落田宅宫（33-42）；,https://www.wo-ow.cn/1153
Wolke紫微,V20,2021—2023,开始新工作 2023; 分手 2021,,事业:变好; 感情:关系结束,事业:有变动; 感情:关系冲突; 学业:无法判断; 钱财:先后有不同变化,0,0,0,0,0,0.0,事业较有变动；感情相处需磨合；学业证据不足；钱财进出并见。窗口中段约虚岁24，大限落父母宫（15-24）；,https://www.wo-ow.cn/1153
Wolke紫微,V21,2007—2009,开始创业或开公司 2009,,事业:变好,事业:有变动; 感情:关系冲突; 学业:先后有不同变化; 钱财:先后有不同变化,0,0,0,0,0,0.0,事业较有变动；感情相处需磨合；学业有进有退；钱财进出并见。窗口中段约虚岁41，大限落子女宫（35-44）；,https://www.wo-ow.cn/1153
Wolke紫微,V22,2005—2007,开始新工作 2007; 毕业 2006,,事业:变好; 学业:学业推进,事业:有变动; 感情:关系冲突; 学业:先后有不同变化; 钱财:先后有不同变化,0,0,0,0,0,0.0,事业较有变动；感情相处需磨合；学业有进有退；钱财进出并见。窗口中段约虚岁24，大限落福德宫（22-31）；,https://destiny.to/ubbthreads/topic/107176
Wolke紫微,V23,2021—2023,延期毕业 2022,,学业:学业受挫,事业:变好; 感情:关系形成/推进; 学业:学业推进; 钱财:先后有不同变化,0,0,1,0,0,-10.0,事业偏有进展；感情有靠近机会；学业利于推进；钱财进出并见。窗口中段约虚岁23，大限落夫妻宫（22-31）；,https://www.wo-ow.cn/1153
Wolke紫微,V24,2021—2023,开始新工作 2022; 主动辞职 2023,,事业:有变动,事业:有变动; 感情:关系冲突; 学业:先后有不同变化; 钱财:先后有不同变化,0,0,0,0,0,25.0,事业较有变动；感情相处需磨合；学业有进有退；钱财进出并见。窗口中段约虚岁22，大限落父母宫（13-22）；,https://www.wo-ow.cn/1153
雪眠八字,V01,2006—2008,分手 2008,2008附近更像工作内容调整或短暂换组，变化来自环境要求，不宜当作稳定晋升。; 2006要留意因工作安排或家庭责任出现一笔额外支出。,感情:关系结束,事业:先后有不同变化; 感情:关系冲突; 学业:稳定; 钱财:变差,0,0,0,1,1,0.0,放在事业、关系、学习、财务四项一起看，较明显的是工作环境摇摆和关系磨合；不把一般压力说成确定失业。,https://www.astrology.tw/fortune-telling/marriage
雪眠八字,V02,2015—2017,分手 2017; 开始恋爱 2017,2015到2016是补课、考试或打基础较合适的一段，进度靠规律而非临场发挥。; 2017相处里容易出现期待不一致，先谈清是否认真交往。,感情:先后有不同变化,事业:稳定; 感情:先后有不同变化; 学业:学业推进; 钱财:稳定,0,0,0,2,0,25.0,学习条件较好，事业更像按部就班；感情有接触但需磨合，财务总体守平。,https://www.astrology.tw/fortune-telling/marriage
雪眠八字,V03,2014—2016,分手 2015—2016; 开始恋爱 2015—2016,2015更适合完成一个阶段性课程或考试目标，结果来自之前持续准备。; 2016有靠兼职、技能或项目得到额外收入的机会，但不稳定。,感情:先后有不同变化,事业:稳定; 感情:先后有不同变化; 学业:学业推进; 钱财:先后有不同变化,0,0,0,1,1,25.0,不把变化全押在换工作上：此盘更像先把学习做完，再让技能带来小幅机会；关系保持观察。,https://www.astrology.tw/fortune-telling/marriage
雪眠八字,V04,2016—2018,开始恋爱 2017—2018; 分手 2018,2016关系中容易出现现实安排上的争执，尤其对未来节奏看法不同。; 2018宜控制临时消费和人情支出，预算容易被小事侵蚀。,感情:先后有不同变化,事业:先后有不同变化; 感情:关系冲突; 学业:稳定; 钱财:变差,0,0,0,2,0,0.0,四域里关系与开销的压力更值得留神，事业是调整适应而非明确离职；学习平稳。,https://www.astrology.tw/fortune-telling/marriage
雪眠八字,V05,2016—2018,结婚 2018,2016适合进入更系统的学习或资格准备，能把零散能力整理成成果。; 2017有因表现或兼职带来的小幅进账，仍需控制冲动消费。,感情:关系形成/推进,事业:稳定; 感情:稳定; 学业:学业推进; 钱财:先后有不同变化,0,0,0,1,1,0.0,学习进阶比职位跃升更明确；收入有小机会但不该夸成暴涨，关系整体倾向稳定。,https://www.astrology.tw/fortune-telling/marriage
雪眠八字,V06,2016—2018,开始恋爱 2017; 分手 2018,2016环境变动会迫使你重新分配精力，可能换项目或工作安排。; 2018应避免高风险投入，收入和必要开支间容易出现落差。,感情:先后有不同变化,事业:有变动; 感情:先后有不同变化; 学业:稳定; 钱财:变差,0,0,0,1,1,25.0,本盘更像受到外界变动牵引，先调节工作，再管好预算；学业与感情没有足够明确的单年事件。,https://www.astrology.tw/fortune-telling/marriage
雪眠八字,V07,2013—2015,开始恋爱 2013; 升学 2015,2014岗位职责或合作对象较可能改变，先确认是短期安排还是长期方向。; 2013沟通容易急起来，关系里的旧分歧不宜放着不处理。,感情:关系形成/推进; 学业:学业推进,事业:有变动; 感情:关系冲突; 学业:稳定; 钱财:先后有不同变化,0,0,0,1,1,0.0,从四域并看，关系在2013先受冲，工作到2014更像改职责；不把财务一般波动放大成破财定局。,https://www.astrology.tw/fortune-telling/marriage
雪眠八字,V08,2013—2015,开始恋爱 2015,2013适合把考试或技能准备作为主线，先累积基础。; 2015通过同学、同事或熟人介绍发展关系的机会增加。,感情:关系形成/推进,事业:先后有不同变化; 感情:关系形成/推进; 学业:学业推进; 钱财:稳定,1,0,0,0,1,85.0,学习先走、关系随后有机会；事业不一定立刻升职，钱财靠稳定安排较合适。,https://www.astrology.tw/fortune-telling/marriage
雪眠八字,V09,2015—2017,分手 2017; 开始恋爱 2017,2016关系里容易出现信任或现实条件方面的摩擦，谈清底线比冷处理好。; 2017避免冲动消费或借钱给熟人，收支容易被人情拖累。,感情:先后有不同变化,事业:先后有不同变化; 感情:关系冲突; 学业:稳定; 钱财:变差,0,0,0,2,0,0.0,关系和支出是较值得关注的两块，工作变化以合作磨合为主，学业没有明显阶段转折。,https://www.astrology.tw/fortune-telling/marriage
雪眠八字,V10,2017—2019,分手 2019,2018适合持续推进证书、课程或作品，宜把已学内容用起来。; 2019可能将技能带进新职责或更适配的工作环境。,感情:关系结束,事业:有变动; 感情:稳定; 学业:学业推进; 钱财:先后有不同变化,0,0,1,0,2,-10.0,学习能带动事业方向微调，财务先有投入后见回报；感情没有足够强的定局线索。,https://www.astrology.tw/fortune-telling/marriage
雪眠八字,V11,2013—2015,创业或生意失败 2013; 开始恋爱 2014; 亏损或负债恶化 2013; 钱财增加 2014,2014更像工作责任逐步增加，能靠可靠执行赢得信任。; 2015感情里容易因现实节奏或双方忙碌而起摩擦。,事业:变差; 感情:关系形成/推进; 钱财:先后有不同变化,事业:变好; 感情:先后有不同变化; 学业:稳定; 钱财:先后有不同变化,0,0,1,1,1,5.0,事业表现比感情定局更清楚，收入随职责略有增减；学习不是主要变化。,https://www.wo-ow.cn/1153
雪眠八字,V12,2019—2021,开始新工作 2020; 结婚 2020,2020可完成一项职业训练或工作中的技能升级，靠实践比空想有效。; 2021收入有小幅改善机会，适合稳步增加储蓄。,事业:变好; 感情:关系形成/推进,事业:先后有不同变化; 感情:稳定; 学业:学业推进; 钱财:变好,0,0,0,2,0,0.0,学习与稳定积累较有利，工作不一定换赛道；钱财可略有改善，感情相对平。,https://www.wo-ow.cn/1153
雪眠八字,V13,2021—2023,亏损或负债恶化 2022—2023,2021工作任务或团队安排可能变，变动带有责任重新划分的意味。; 2022关系中容易因工作忙或原则不同而冷下来，需要直接说需求。,钱财:变差,事业:先后有不同变化; 感情:关系冲突; 学业:学业推进; 钱财:先后有不同变化,0,0,0,1,1,0.0,学习可以继续进步，但事业关系都受责任和安排影响；财务先稳，不夸成大起大落。,https://www.wo-ow.cn/1153
雪眠八字,V14,2011—2013,失业或被裁 2011; 开始新工作 2012,2011适合进入一个更明确的学习或训练阶段，能得到规范指导。; 2013更像把训练转成初步工作实践或固定职责。,事业:先后有不同变化,事业:有变动; 感情:先后有不同变化; 学业:学业推进; 钱财:稳定,1,0,0,0,1,27.75,学习到工作的衔接更突出，关系处于慢慢观察；财务适合维持稳定，不宜贸然承担债务。,https://www.wo-ow.cn/1153
雪眠八字,V15,2020—2022,开始新工作 2022; 开始恋爱 2022; 毕业 2020,2022更容易主动寻找新的团队或工作方式，先谈清待遇和职责再动。; 2021现金流较容易受固定开支或家庭责任挤压。,事业:变好; 感情:关系形成/推进; 学业:学业推进,事业:有变动; 感情:先后有不同变化; 学业:学业推进; 钱财:变差,0,0,0,1,1,8.33,先守财、后找方向是更稳的节奏；学习能帮职业转向，关系宜以沟通磨合看待。,https://www.wo-ow.cn/1153
雪眠八字,V16,2007—2009,开始新工作 2007; 结婚 2009; 换工作或岗位 2008,2007适合按部就班提升成绩或完成阶段课程，进步来自稳定投入。; 2009家庭或同伴安排容易让相处时间变少，提前解释能少误会。,事业:有变动; 感情:关系形成/推进,事业:稳定; 感情:先后有不同变化; 学业:学业推进; 钱财:稳定,0,0,0,2,0,0.0,学业是最清楚的主线，工作和钱财信号较弱；后段关系压力更多来自时间安排。,https://www.wo-ow.cn/1153
雪眠八字,V17,2021—2023,换工作或岗位 2023; 亏损或负债恶化 2023,2023关系中容易因立场和边界发生争执，先确认彼此能接受的规则。; 2022适合把一项技能或考试推进到有成果的阶段。,事业:变好; 钱财:变差,事业:先后有不同变化; 感情:关系冲突; 学业:学业推进; 钱财:稳定,0,0,1,1,1,-5.0,关系波动集中在后一年；工作学业可以靠技能继续往前，钱财先维持稳妥。,https://www.wo-ow.cn/1153
雪眠八字,V18,2018—2020,职位提升 2020; 钱财增加 2018—2019,2019适合补齐职业技能或完成一项有实际用途的学习。; 2020有凭经验或稳定工作改善收入的机会，但不适合高风险加码。,事业:变好; 钱财:变好,事业:稳定; 感情:先后有不同变化; 学业:学业推进; 钱财:先后有不同变化,1,0,0,0,1,27.75,学习投入可为收入带来帮助，事业本身以稳定为主；感情变化缺少足够明确信号。,https://www.wo-ow.cn/1153
雪眠八字,V19,2013—2015,开始创业或开公司 2015; 离婚 2015; 亏损或负债恶化 2015,2013工作职责或团队安排可能调整，先争取明确的权限和资源。; 2015适合靠已有经验增加稳定收入，别急着重仓新项目。,事业:有变动; 感情:关系结束; 钱财:变差,事业:有变动; 感情:先后有不同变化; 学业:稳定; 钱财:先后有不同变化,0,0,0,0,1,8.33,事业在前段调整、财务后段略有起色；感情以日常相处检验，学习没有突出节点。,https://www.wo-ow.cn/1153
雪眠八字,V20,2021—2023,开始新工作 2023; 分手 2021,2023关系沟通容易误会升级，双方需要把分歧落到具体事情上。; 2022不宜冲动购买或跟风投入，钱容易因计划改变而流出。,事业:变好; 感情:关系结束,事业:先后有不同变化; 感情:关系冲突; 学业:学业推进; 钱财:变差,0,0,0,2,0,0.0,学习有推进，2023人际冲突较突出；财务先避开跟风，事业更像任务变化而非确定升迁。,https://www.wo-ow.cn/1153
雪眠八字,V21,2007—2009,开始创业或开公司 2009,2008把重点放在完成课程、考试或一项手艺训练，容易比前一年更稳。; 2009家庭或生活责任可能带来额外支出，提前留出预算。,事业:变好,事业:稳定; 感情:先后有不同变化; 学业:学业推进; 钱财:变差,0,0,0,1,1,0.0,学习较有支持，感情不做确定断语；后段财务压力主要像现实开销。,https://www.wo-ow.cn/1153
雪眠八字,V22,2005—2007,开始新工作 2007; 毕业 2006,2005适合把重点放在考试或基础训练上，先求稳再求快。; 2007更像承担固定职责或开始正式实践，适合先积累经验。,事业:变好; 学业:学业推进,事业:稳定; 感情:先后有不同变化; 学业:学业推进; 钱财:先后有不同变化,1,0,0,0,1,42.5,学习和实践的节奏比短期财运更明显；关系是接触增多但是否稳定仍看现实相处。,https://destiny.to/ubbthreads/topic/107176
雪眠八字,V23,2021—2023,延期毕业 2022,2022适合完成一项技术训练或资格准备，把专业能力做实。; 2023要防因居住、家庭或临时计划改变而增加支出。,学业:学业受挫,事业:稳定; 感情:先后有不同变化; 学业:学业推进; 钱财:变差,0,0,1,1,1,-10.0,学业技能可持续积累，财务要预留变动空间；工作变化不明显，感情不宜强断。,https://www.wo-ow.cn/1153
雪眠八字,V24,2021—2023,开始新工作 2022; 主动辞职 2023,2022容易因认真细致接下更多项目，得到团队认可或更大职责。; 2023适合通过考试、作品或系统复习完成一个阶段目标。,事业:有变动,事业:变好; 感情:先后有不同变化; 学业:学业推进; 钱财:稳定,0,0,0,1,1,0.0,能力输出和责任增长较清晰，钱财总体稳中有动；感情缺少足够强的年度触发。,https://www.wo-ow.cn/1153
