config,case_id,targets,matched_exact,matched_near,directions_tested,directions_correct,directions_reverse,unknown_claims,wrong_claims,answered,accuracy85,base95
adrian,V01,1,0,0,1,0,0,1,0,True,0.0,4.0
adrian,V02,2,0,0,1,0,0,0,0,True,0.0,3.0
adrian,V03,2,0,0,1,0,0,0,0,True,0.0,3.0
adrian,V04,2,0,0,1,0,0,0,0,True,0.0,3.0
adrian,V05,1,0,0,1,0,0,0,0,True,0.0,3.0
adrian,V06,2,0,0,1,0,0,1,0,True,0.0,4.0
adrian,V07,2,0,0,2,0,0,1,0,True,0.0,4.0
adrian,V08,1,0,0,1,0,0,0,0,True,0.0,3.0
adrian,V09,2,0,0,1,0,0,0,0,True,0.0,3.0
adrian,V10,1,0,0,1,0,0,1,0,True,0.0,4.0
adrian,V11,4,0,0,3,1,0,0,0,True,8.333333333333332,11.333333333333332
adrian,V12,2,0,0,2,0,0,1,0,True,0.0,4.0
adrian,V13,1,0,0,1,0,1,1,0,True,-10.0,-6.0
adrian,V14,2,0,0,1,0,0,0,0,True,0.0,3.0
adrian,V15,3,0,0,3,0,0,0,0,True,0.0,3.0
adrian,V16,3,0,0,2,1,0,0,0,True,12.5,15.5
adrian,V17,2,0,0,2,0,0,1,0,True,0.0,4.0
adrian,V18,2,0,0,2,0,0,0,0,True,0.0,3.0
adrian,V19,3,0,0,3,1,0,0,0,True,8.333333333333332,11.333333333333332
adrian,V20,2,0,0,2,0,0,0,0,True,0.0,3.0
adrian,V21,1,0,0,1,0,0,0,0,True,0.0,3.0
adrian,V22,2,0,0,2,1,0,0,0,True,12.5,15.5
adrian,V23,1,0,0,1,0,0,0,0,True,0.0,3.0
adrian,V24,2,0,0,1,1,0,0,0,True,25.0,28.0
always_positive,V01,1,0,0,1,0,1,3,1,True,-10.0,-5.0
always_positive,V02,2,1,0,1,0,0,3,0,True,27.75,37.75
always_positive,V03,2,1,0,1,0,0,3,0,True,30.0,40.0
always_positive,V04,2,1,0,1,0,0,3,0,True,30.0,40.0
always_positive,V05,1,0,1,1,1,0,3,0,True,52.75,60.25
always_positive,V06,2,1,0,1,0,0,3,0,True,30.0,40.0
always_positive,V07,2,2,0,2,2,0,2,0,True,80.5,90.5
always_positive,V08,1,1,0,1,1,0,3,0,True,80.5,90.5
always_positive,V09,2,1,0,1,0,0,3,0,True,27.75,37.75
always_positive,V10,1,0,0,1,0,1,3,1,True,-10.0,-5.0
always_positive,V11,4,2,0,3,1,1,1,1,True,34.99999999999999,43.33333333333333
always_positive,V12,2,1,1,2,2,0,2,0,True,70.0,78.75
always_positive,V13,1,0,0,1,0,1,3,1,True,-10.0,-5.0
always_positive,V14,2,1,0,1,0,0,3,0,True,30.0,40.0
always_positive,V15,3,2,0,3,3,0,2,0,True,62.0,72.0
always_positive,V16,3,1,1,2,1,0,2,0,True,40.25,49.0
always_positive,V17,2,0,1,2,1,1,2,1,True,21.375,27.625
always_positive,V18,2,1,0,2,2,0,3,0,True,55.0,65.0
always_positive,V19,3,0,0,3,0,2,2,2,True,-6.666666666666667,-1.666666666666667
always_positive,V20,2,1,0,2,1,1,2,1,True,35.25,42.75
always_positive,V21,1,0,0,1,1,0,4,0,True,25.0,30.0
always_positive,V22,2,1,0,2,2,0,3,0,True,52.75,62.75
always_positive,V23,1,0,0,1,0,1,3,1,True,-10.0,-5.0
always_positive,V24,2,1,0,1,0,0,3,0,True,30.0,40.0
gaoxin,V01,1,0,0,1,0,1,1,0,True,-10.0,-6.0
gaoxin,V02,2,0,0,1,1,0,0,0,True,25.0,28.0
gaoxin,V03,2,0,0,1,0,0,0,0,True,0.0,3.0
gaoxin,V04,2,0,0,1,0,0,1,0,True,0.0,4.0
gaoxin,V05,1,0,0,1,0,0,0,0,True,0.0,3.0
gaoxin,V06,2,0,0,1,0,0,1,0,True,0.0,4.0
gaoxin,V07,2,0,0,2,0,0,1,0,True,0.0,4.0
gaoxin,V08,1,0,0,1,0,0,0,0,True,0.0,3.0
gaoxin,V09,2,0,0,1,0,0,0,0,True,0.0,3.0
gaoxin,V10,1,0,0,1,0,1,1,0,True,-10.0,-6.0
gaoxin,V11,4,0,0,3,0,0,0,0,False,0.0,0.0
gaoxin,V12,2,0,0,2,0,0,0,0,False,0.0,0.0
gaoxin,V13,1,0,0,1,0,0,0,0,False,0.0,0.0
gaoxin,V14,2,0,0,1,0,0,0,0,False,0.0,0.0
gaoxin,V15,3,0,0,3,0,0,0,0,False,0.0,0.0
gaoxin,V16,3,0,0,2,0,0,0,0,False,0.0,0.0
gaoxin,V17,2,0,0,2,0,0,0,0,False,0.0,0.0
gaoxin,V18,2,0,0,2,0,0,0,0,False,0.0,0.0
gaoxin,V19,3,0,0,3,0,0,0,0,False,0.0,0.0
gaoxin,V20,2,0,0,2,0,0,0,0,False,0.0,0.0
gaoxin,V21,1,0,0,1,0,0,0,0,False,0.0,0.0
gaoxin,V22,2,0,0,2,0,0,0,0,False,0.0,0.0
gaoxin,V23,1,0,0,1,0,0,0,0,False,0.0,0.0
gaoxin,V24,2,0,0,1,0,0,0,0,False,0.0,0.0
horosa,V01,1,0,0,1,0,1,1,0,True,-10.0,-6.0
horosa,V02,2,0,0,1,1,0,0,0,True,25.0,28.0
horosa,V03,2,0,0,1,0,0,0,0,True,0.0,3.0
horosa,V04,2,0,0,1,0,0,0,0,False,0.0,0.0
horosa,V05,1,0,0,1,0,0,0,0,True,0.0,3.0
horosa,V06,2,0,0,1,0,0,1,0,True,0.0,4.0
horosa,V07,2,0,0,2,0,0,1,0,True,0.0,4.0
horosa,V08,1,0,0,1,0,0,0,0,True,0.0,3.0
horosa,V09,2,0,0,1,0,0,0,0,False,0.0,0.0
horosa,V10,1,0,0,1,0,1,1,0,True,-10.0,-6.0
horosa,V11,4,0,0,3,0,0,0,0,False,0.0,0.0
horosa,V12,2,0,0,2,0,0,0,0,False,0.0,0.0
horosa,V13,1,0,0,1,0,0,0,0,False,0.0,0.0
horosa,V14,2,0,0,1,0,0,0,0,False,0.0,0.0
horosa,V15,3,0,0,3,0,0,0,0,False,0.0,0.0
horosa,V16,3,0,0,2,0,0,0,0,False,0.0,0.0
horosa,V17,2,0,0,2,0,0,0,0,False,0.0,0.0
horosa,V18,2,0,0,2,0,0,0,0,False,0.0,0.0
horosa,V19,3,0,0,3,0,0,0,0,False,0.0,0.0
horosa,V20,2,0,0,2,0,0,0,0,False,0.0,0.0
horosa,V21,1,0,0,1,0,0,0,0,False,0.0,0.0
horosa,V22,2,0,0,2,0,0,0,0,True,0.0,3.0
horosa,V23,1,0,0,1,0,0,0,0,False,0.0,0.0
horosa,V24,2,0,0,1,0,0,0,0,False,0.0,0.0
jinchen,V01,1,0,0,1,0,0,2,0,True,0.0,5.0
jinchen,V02,2,1,0,1,0,0,0,0,True,30.0,40.0
jinchen,V03,2,0,0,1,1,0,1,0,True,25.0,30.0
jinchen,V04,2,0,0,1,0,0,2,0,True,0.0,5.0
jinchen,V05,1,0,0,1,0,0,2,0,True,0.0,4.0
jinchen,V06,2,0,0,1,1,0,2,0,True,25.0,29.0
jinchen,V07,2,0,0,2,0,0,2,0,True,0.0,5.0
jinchen,V08,1,1,0,1,1,0,0,0,True,85.0,94.0
jinchen,V09,2,0,0,1,1,0,2,0,True,25.0,30.0
jinchen,V10,1,0,0,1,0,0,0,0,True,0.0,4.0
jinchen,V11,4,1,0,3,0,1,0,1,True,10.541666666666666,17.041666666666668
jinchen,V12,2,0,0,2,0,0,0,0,True,0.0,4.0
jinchen,V13,1,0,0,1,0,1,0,0,True,-10.0,-6.0
jinchen,V14,2,0,1,1,0,0,1,0,True,13.875,20.375
jinchen,V15,3,0,0,3,1,0,1,0,True,8.333333333333332,13.333333333333332
jinchen,V16,3,0,0,2,0,0,1,0,True,0.0,5.0
jinchen,V17,2,0,0,2,0,0,1,0,True,0.0,5.0
jinchen,V18,2,0,0,2,0,0,1,1,True,0.0,4.0
jinchen,V19,3,0,0,3,0,2,1,0,True,-6.666666666666667,-2.666666666666667
jinchen,V20,2,0,0,2,0,0,1,0,True,0.0,5.0
jinchen,V21,1,0,0,1,0,0,1,0,True,0.0,5.0
jinchen,V22,2,1,0,2,1,0,1,0,True,42.5,52.5
jinchen,V23,1,0,0,1,0,1,2,0,True,-10.0,-5.0
jinchen,V24,2,0,0,1,0,0,1,0,True,0.0,5.0
liuyao,V01,1,0,0,1,0,0,0,0,True,0.0,4.0
liuyao,V02,2,0,0,1,0,0,1,0,True,0.0,5.0
liuyao,V03,2,0,0,1,0,0,1,0,True,0.0,4.0
liuyao,V04,2,0,0,1,0,0,1,0,True,0.0,4.0
liuyao,V05,1,0,0,1,0,0,1,0,True,0.0,5.0
liuyao,V06,2,0,0,1,0,0,1,0,True,0.0,5.0
liuyao,V07,2,0,0,2,0,0,1,0,True,0.0,4.0
liuyao,V08,1,0,0,1,0,0,1,0,True,0.0,4.0
liuyao,V09,2,0,0,1,0,0,1,0,True,0.0,4.0
liuyao,V10,1,0,0,1,0,0,1,0,True,0.0,4.0
liuyao,V11,4,0,0,3,0,0,0,0,True,0.0,4.0
liuyao,V12,2,0,0,2,0,0,1,0,True,0.0,5.0
liuyao,V13,1,0,0,1,0,0,1,0,True,0.0,5.0
liuyao,V14,2,0,0,1,1,0,1,0,True,25.0,30.0
liuyao,V15,3,0,0,3,0,0,1,0,True,0.0,5.0
liuyao,V16,3,0,0,2,0,0,0,0,True,0.0,4.0
liuyao,V17,2,0,0,2,0,0,0,0,True,0.0,3.0
liuyao,V18,2,0,0,2,0,0,0,0,True,0.0,4.0
liuyao,V19,3,0,0,3,0,0,0,0,False,0.0,0.0
liuyao,V20,2,0,0,2,0,0,1,0,True,0.0,5.0
liuyao,V21,1,0,0,1,0,0,0,0,True,0.0,3.0
liuyao,V22,2,0,0,2,0,0,0,0,True,0.0,3.0
liuyao,V23,1,0,0,1,0,0,0,0,True,0.0,4.0
liuyao,V24,2,0,0,1,0,0,0,0,True,0.0,4.0
mingli,V01,1,0,0,1,0,1,0,0,True,-10.0,-7.0
mingli,V02,2,0,0,1,1,0,1,0,True,25.0,30.0
mingli,V03,2,0,0,1,0,0,1,0,True,0.0,5.0
mingli,V04,2,0,0,1,0,0,2,0,True,0.0,5.0
mingli,V05,1,0,0,1,0,0,0,0,True,0.0,4.0
mingli,V06,2,0,0,1,0,0,1,0,True,0.0,5.0
mingli,V07,2,0,0,2,1,0,2,0,True,12.5,17.5
mingli,V08,1,0,0,1,0,0,0,0,True,0.0,4.0
mingli,V09,2,1,0,1,1,0,0,0,True,50.5,60.5
mingli,V10,1,0,0,1,0,0,2,0,True,0.0,5.0
mingli,V11,4,0,0,3,1,1,1,0,True,4.999999999999998,9.999999999999998
mingli,V12,2,0,0,2,0,0,1,0,True,0.0,5.0
mingli,V13,1,0,0,1,0,0,2,0,True,0.0,5.0
mingli,V14,2,0,1,1,0,0,0,0,True,13.875,21.375
mingli,V15,3,0,0,3,1,0,0,0,True,8.333333333333332,11.333333333333332
mingli,V16,3,0,0,2,0,0,1,0,True,0.0,5.0
mingli,V17,2,0,0,2,0,2,0,1,True,-10.0,-5.0
mingli,V18,2,1,0,2,1,0,0,0,True,42.5,52.5
mingli,V19,3,0,0,3,0,0,1,0,True,0.0,5.0
mingli,V20,2,0,0,2,0,0,1,0,True,0.0,5.0
mingli,V21,1,0,0,1,0,0,0,0,True,0.0,4.0
mingli,V22,2,0,0,2,2,0,0,0,True,25.0,28.0
mingli,V23,1,0,0,1,0,1,1,0,True,-10.0,-5.0
mingli,V24,2,0,0,1,0,0,1,0,True,0.0,5.0
mingyu,V01,1,0,0,1,0,1,1,0,True,-10.0,-6.0
mingyu,V02,2,0,0,1,1,0,0,0,True,25.0,28.0
mingyu,V03,2,0,0,1,0,0,0,0,True,0.0,3.0
mingyu,V04,2,0,0,1,0,0,0,0,False,0.0,0.0
mingyu,V05,1,0,0,1,1,0,0,0,True,25.0,28.0
mingyu,V06,2,0,0,1,0,0,1,0,True,0.0,4.0
mingyu,V07,2,0,0,2,0,0,1,0,True,0.0,4.0
mingyu,V08,1,0,0,1,0,0,0,0,True,0.0,3.0
mingyu,V09,2,0,0,1,0,0,0,0,False,0.0,0.0
mingyu,V10,1,0,0,1,0,1,1,0,True,-10.0,-6.0
mingyu,V11,4,0,0,3,0,1,0,0,True,-3.3333333333333335,-0.3333333333333335
mingyu,V12,2,0,0,2,0,0,0,0,True,0.0,3.0
mingyu,V13,1,0,0,1,0,1,1,0,True,-10.0,-6.0
mingyu,V14,2,0,0,1,1,0,0,0,True,25.0,28.0
mingyu,V15,3,0,0,3,1,0,0,0,True,8.333333333333332,11.333333333333332
mingyu,V16,3,0,0,2,0,0,0,0,True,0.0,3.0
mingyu,V17,2,0,0,2,0,1,1,0,True,-5.0,-1.0
mingyu,V18,2,0,0,2,0,0,0,0,True,0.0,3.0
mingyu,V19,3,0,0,3,0,0,0,0,True,0.0,3.0
mingyu,V20,2,0,0,2,0,1,0,0,True,-5.0,-2.0
mingyu,V21,1,0,0,1,0,0,1,0,True,0.0,4.0
mingyu,V22,2,0,0,2,0,0,0,0,True,0.0,3.0
mingyu,V23,1,0,0,1,0,1,0,0,True,-10.0,-7.0
mingyu,V24,2,0,0,1,0,0,0,0,True,0.0,3.0
plain_ai,V01,1,0,0,1,0,0,0,0,False,0.0,0.0
plain_ai,V02,2,0,0,1,0,0,0,0,False,0.0,0.0
plain_ai,V03,2,0,0,1,0,0,0,0,False,0.0,0.0
plain_ai,V04,2,0,0,1,0,0,0,0,False,0.0,0.0
plain_ai,V05,1,0,0,1,0,0,0,0,False,0.0,0.0
plain_ai,V06,2,0,0,1,0,0,0,0,False,0.0,0.0
plain_ai,V07,2,0,0,2,0,0,0,0,False,0.0,0.0
plain_ai,V08,1,0,0,1,0,0,0,0,False,0.0,0.0
plain_ai,V09,2,0,0,1,0,0,0,0,False,0.0,0.0
plain_ai,V10,1,0,0,1,0,0,0,0,False,0.0,0.0
plain_ai,V11,4,0,0,3,0,0,0,0,False,0.0,0.0
plain_ai,V12,2,0,0,2,0,0,0,0,False,0.0,0.0
plain_ai,V13,1,0,0,1,0,0,0,0,False,0.0,0.0
plain_ai,V14,2,0,0,1,0,0,0,0,False,0.0,0.0
plain_ai,V15,3,0,0,3,0,0,0,0,False,0.0,0.0
plain_ai,V16,3,0,0,2,0,0,0,0,False,0.0,0.0
plain_ai,V17,2,0,0,2,0,0,0,0,False,0.0,0.0
plain_ai,V18,2,0,0,2,0,0,0,0,False,0.0,0.0
plain_ai,V19,3,0,0,3,0,0,0,0,False,0.0,0.0
plain_ai,V20,2,0,0,2,0,0,0,0,False,0.0,0.0
plain_ai,V21,1,0,0,1,0,0,0,0,False,0.0,0.0
plain_ai,V22,2,0,0,2,0,0,0,0,False,0.0,0.0
plain_ai,V23,1,0,0,1,0,0,0,0,False,0.0,0.0
plain_ai,V24,2,0,0,1,0,0,0,0,False,0.0,0.0
qimen,V01,1,0,0,1,0,0,1,0,True,0.0,5.0
qimen,V02,2,0,0,1,0,0,1,0,True,0.0,4.0
qimen,V03,2,0,0,1,0,0,1,0,True,0.0,5.0
qimen,V04,2,0,0,1,0,0,1,0,True,0.0,5.0
qimen,V05,1,0,0,1,0,0,1,0,True,0.0,5.0
qimen,V06,2,0,0,1,0,0,1,0,True,0.0,5.0
qimen,V07,2,0,0,2,0,0,1,0,True,0.0,4.0
qimen,V08,1,0,0,1,0,0,1,0,True,0.0,5.0
qimen,V09,2,0,0,1,0,0,1,0,True,0.0,5.0
qimen,V10,1,0,0,1,0,0,0,0,True,0.0,4.0
qimen,V11,4,1,0,3,1,1,0,0,True,20.0,28.999999999999996
qimen,V12,2,0,0,2,1,0,1,0,True,12.5,17.5
qimen,V13,1,0,0,1,0,0,1,0,True,0.0,4.0
qimen,V14,2,0,0,1,0,0,1,0,True,0.0,4.0
qimen,V15,3,0,1,3,0,0,0,0,True,9.25,16.75
qimen,V16,3,0,0,2,0,0,1,0,True,0.0,5.0
qimen,V17,2,1,0,2,0,0,0,1,True,27.75,34.25
qimen,V18,2,1,0,2,1,0,0,0,True,40.25,50.25
qimen,V19,3,0,0,3,0,0,0,1,True,0.0,4.0
qimen,V20,2,0,0,2,0,0,1,0,True,0.0,5.0
qimen,V21,1,0,0,1,0,0,0,0,True,0.0,4.0
qimen,V22,2,0,0,2,0,0,0,0,True,0.0,4.0
qimen,V23,1,0,0,1,0,0,2,0,True,0.0,4.0
qimen,V24,2,0,0,1,0,0,1,0,True,0.0,4.0
suangua,V01,1,0,0,1,0,0,0,0,False,0.0,0.0
suangua,V02,2,0,0,1,0,0,0,0,False,0.0,0.0
suangua,V03,2,0,0,1,0,0,0,0,False,0.0,0.0
suangua,V04,2,0,0,1,0,0,0,0,False,0.0,0.0
suangua,V05,1,0,0,1,0,0,0,0,False,0.0,0.0
suangua,V06,2,0,0,1,0,0,0,0,False,0.0,0.0
suangua,V07,2,0,0,2,0,0,0,0,False,0.0,0.0
suangua,V08,1,0,0,1,0,0,0,0,False,0.0,0.0
suangua,V09,2,0,0,1,0,0,0,0,False,0.0,0.0
suangua,V10,1,0,0,1,0,0,0,0,False,0.0,0.0
suangua,V11,4,0,0,3,0,0,0,0,False,0.0,0.0
suangua,V12,2,0,0,2,0,0,0,0,False,0.0,0.0
suangua,V13,1,0,0,1,0,0,0,0,False,0.0,0.0
suangua,V14,2,0,0,1,0,0,0,0,False,0.0,0.0
suangua,V15,3,0,0,3,0,0,0,0,False,0.0,0.0
suangua,V16,3,0,0,2,0,0,0,0,False,0.0,0.0
suangua,V17,2,0,0,2,0,0,0,0,False,0.0,0.0
suangua,V18,2,0,0,2,0,0,0,0,False,0.0,0.0
suangua,V19,3,0,0,3,0,0,0,0,False,0.0,0.0
suangua,V20,2,0,0,2,0,0,0,0,False,0.0,0.0
suangua,V21,1,0,0,1,0,0,0,0,False,0.0,0.0
suangua,V22,2,0,0,2,0,0,0,0,False,0.0,0.0
suangua,V23,1,0,0,1,0,0,0,0,False,0.0,0.0
suangua,V24,2,0,0,1,0,0,0,0,False,0.0,0.0
taibu_bazi,V01,1,0,0,1,0,0,0,0,False,0.0,0.0
taibu_bazi,V02,2,0,0,1,0,0,0,0,False,0.0,0.0
taibu_bazi,V03,2,0,0,1,0,0,0,0,False,0.0,0.0
taibu_bazi,V04,2,0,0,1,0,0,0,0,False,0.0,0.0
taibu_bazi,V05,1,0,0,1,0,0,0,0,False,0.0,0.0
taibu_bazi,V06,2,0,0,1,0,0,0,0,False,0.0,0.0
taibu_bazi,V07,2,0,0,2,0,0,0,0,False,0.0,0.0
taibu_bazi,V08,1,0,0,1,0,0,0,0,False,0.0,0.0
taibu_bazi,V09,2,0,0,1,0,0,0,0,False,0.0,0.0
taibu_bazi,V10,1,0,0,1,0,0,0,0,False,0.0,0.0
taibu_bazi,V11,4,0,0,3,0,0,0,0,False,0.0,0.0
taibu_bazi,V12,2,0,0,2,0,0,0,0,False,0.0,0.0
taibu_bazi,V13,1,0,0,1,0,0,0,0,False,0.0,0.0
taibu_bazi,V14,2,0,0,1,0,0,0,0,False,0.0,0.0
taibu_bazi,V15,3,0,0,3,0,0,0,0,False,0.0,0.0
taibu_bazi,V16,3,0,0,2,0,0,0,0,False,0.0,0.0
taibu_bazi,V17,2,0,0,2,0,0,0,0,False,0.0,0.0
taibu_bazi,V18,2,0,0,2,0,0,0,0,False,0.0,0.0
taibu_bazi,V19,3,0,0,3,0,0,0,0,False,0.0,0.0
taibu_bazi,V20,2,0,0,2,0,0,0,0,False,0.0,0.0
taibu_bazi,V21,1,0,0,1,0,0,0,0,False,0.0,0.0
taibu_bazi,V22,2,0,0,2,0,0,0,0,False,0.0,0.0
taibu_bazi,V23,1,0,0,1,0,0,0,0,False,0.0,0.0
taibu_bazi,V24,2,0,0,1,0,0,0,0,False,0.0,0.0
taibu_ziwei,V01,1,0,0,1,0,0,1,0,True,0.0,5.0
taibu_ziwei,V02,2,0,0,1,0,0,0,0,True,0.0,4.0
taibu_ziwei,V03,2,0,0,1,0,0,0,0,True,0.0,4.0
taibu_ziwei,V04,2,0,0,1,0,0,1,0,True,0.0,5.0
taibu_ziwei,V05,1,0,0,1,0,0,1,0,True,0.0,5.0
taibu_ziwei,V06,2,0,0,1,0,0,1,0,True,0.0,5.0
taibu_ziwei,V07,2,0,0,2,0,0,1,0,True,0.0,5.0
taibu_ziwei,V08,1,0,0,1,0,0,1,0,True,0.0,5.0
taibu_ziwei,V09,2,0,0,1,0,0,0,0,True,0.0,4.0
taibu_ziwei,V10,1,0,0,1,0,0,1,0,True,0.0,5.0
taibu_ziwei,V11,4,1,0,3,1,0,0,0,True,23.333333333333332,33.33333333333333
taibu_ziwei,V12,2,0,0,2,0,0,0,0,True,0.0,4.0
taibu_ziwei,V13,1,0,0,1,0,0,0,0,True,0.0,4.0
taibu_ziwei,V14,2,0,0,1,0,0,1,0,True,0.0,5.0
taibu_ziwei,V15,3,0,0,3,0,0,0,0,True,0.0,4.0
taibu_ziwei,V16,3,0,0,2,1,0,0,0,True,12.5,16.5
taibu_ziwei,V17,2,0,0,2,0,0,0,0,True,0.0,4.0
taibu_ziwei,V18,2,0,0,2,0,1,1,0,True,-5.0,0.0
taibu_ziwei,V19,3,0,0,3,1,0,0,1,True,8.333333333333332,13.333333333333332
taibu_ziwei,V20,2,0,0,2,1,0,0,0,True,12.5,16.5
taibu_ziwei,V21,1,0,0,1,0,0,0,0,True,0.0,4.0
taibu_ziwei,V22,2,0,1,2,1,0,0,0,True,26.375,33.875
taibu_ziwei,V23,1,0,0,1,0,0,0,0,True,0.0,4.0
taibu_ziwei,V24,2,0,0,1,1,0,0,0,True,25.0,29.0
tarot_daman,V01,1,0,0,1,0,1,0,0,True,-10.0,-7.0
tarot_daman,V02,2,0,0,1,0,0,0,0,True,0.0,4.0
tarot_daman,V03,2,0,0,1,0,0,0,0,False,0.0,0.0
tarot_daman,V04,2,0,0,1,0,0,0,0,False,0.0,0.0
tarot_daman,V05,1,0,0,1,0,0,0,0,False,0.0,0.0
tarot_daman,V06,2,0,0,1,0,0,0,0,True,0.0,3.0
tarot_daman,V07,2,0,0,2,0,0,0,0,True,0.0,3.0
tarot_daman,V08,1,0,0,1,0,0,0,0,True,0.0,3.0
tarot_daman,V09,2,0,0,1,0,0,0,0,False,0.0,0.0
tarot_daman,V10,1,0,0,1,0,0,0,0,True,0.0,3.0
tarot_daman,V11,4,0,0,3,0,0,0,0,False,0.0,0.0
tarot_daman,V12,2,0,0,2,0,0,0,0,False,0.0,0.0
tarot_daman,V13,1,0,0,1,0,0,0,0,True,0.0,4.0
tarot_daman,V14,2,0,0,1,0,0,0,0,False,0.0,0.0
tarot_daman,V15,3,0,0,3,0,0,0,0,False,0.0,0.0
tarot_daman,V16,3,0,0,2,0,0,0,0,False,0.0,0.0
tarot_daman,V17,2,0,0,2,0,0,0,0,True,0.0,3.0
tarot_daman,V18,2,0,0,2,0,0,1,0,True,0.0,4.0
tarot_daman,V19,3,0,0,3,0,0,0,0,False,0.0,0.0
tarot_daman,V20,2,0,0,2,0,0,0,0,False,0.0,0.0
tarot_daman,V21,1,0,0,1,0,0,0,0,False,0.0,0.0
tarot_daman,V22,2,0,0,2,1,0,0,0,True,12.5,15.5
tarot_daman,V23,1,0,0,1,0,0,0,0,False,0.0,0.0
tarot_daman,V24,2,0,0,1,0,0,0,0,False,0.0,0.0
tarot_taibu,V01,1,0,0,1,0,0,0,0,True,0.0,4.0
tarot_taibu,V02,2,0,0,1,0,0,0,0,True,0.0,4.0
tarot_taibu,V03,2,0,0,1,0,0,0,0,True,0.0,4.0
tarot_taibu,V04,2,1,0,1,0,0,0,0,True,22.5,32.5
tarot_taibu,V05,1,0,0,1,0,0,0,0,False,0.0,0.0
tarot_taibu,V06,2,0,0,1,0,0,0,0,False,0.0,0.0
tarot_taibu,V07,2,0,0,2,0,0,0,0,True,0.0,4.0
tarot_taibu,V08,1,0,0,1,0,0,0,0,False,0.0,0.0
tarot_taibu,V09,2,0,0,1,0,0,0,0,True,0.0,3.0
tarot_taibu,V10,1,0,0,1,0,0,0,0,True,0.0,4.0
tarot_taibu,V11,4,0,0,3,0,0,0,0,False,0.0,0.0
tarot_taibu,V12,2,0,0,2,0,0,0,0,False,0.0,0.0
tarot_taibu,V13,1,0,0,1,0,0,0,0,True,0.0,4.0
tarot_taibu,V14,2,0,0,1,0,0,1,0,True,0.0,4.0
tarot_taibu,V15,3,0,0,3,0,0,0,0,False,0.0,0.0
tarot_taibu,V16,3,0,0,2,0,0,0,0,False,0.0,0.0
tarot_taibu,V17,2,0,0,2,0,1,0,0,True,-5.0,-2.0
tarot_taibu,V18,2,0,0,2,0,0,0,0,False,0.0,0.0
tarot_taibu,V19,3,0,0,3,0,0,0,0,False,0.0,0.0
tarot_taibu,V20,2,0,0,2,0,0,0,0,False,0.0,0.0
tarot_taibu,V21,1,0,0,1,0,0,0,0,True,0.0,3.0
tarot_taibu,V22,2,0,0,2,0,0,0,0,False,0.0,0.0
tarot_taibu,V23,1,0,0,1,0,0,0,0,False,0.0,0.0
tarot_taibu,V24,2,0,0,1,0,0,0,0,False,0.0,0.0
vedic,V01,1,0,0,1,0,0,0,0,True,0.0,4.0
vedic,V02,2,0,0,1,0,0,0,0,True,0.0,4.0
vedic,V03,2,0,0,1,1,0,0,0,True,25.0,29.0
vedic,V04,2,0,0,1,1,0,0,0,True,25.0,29.0
vedic,V05,1,0,0,1,1,0,0,0,True,25.0,29.0
vedic,V06,2,0,0,1,0,0,0,0,True,0.0,4.0
vedic,V07,2,0,0,2,1,0,0,0,True,12.5,16.5
vedic,V08,1,0,0,1,1,0,0,0,True,25.0,29.0
vedic,V09,2,0,0,1,1,0,0,0,True,25.0,29.0
vedic,V10,1,0,0,1,0,1,0,0,True,-10.0,-6.0
vedic,V11,4,0,0,3,0,0,0,0,False,0.0,0.0
vedic,V12,2,0,0,2,0,0,0,0,False,0.0,0.0
vedic,V13,1,0,0,1,0,0,0,0,False,0.0,0.0
vedic,V14,2,0,0,1,0,0,0,0,False,0.0,0.0
vedic,V15,3,0,0,3,0,0,0,0,False,0.0,0.0
vedic,V16,3,0,0,2,0,0,0,0,False,0.0,0.0
vedic,V17,2,0,0,2,0,0,0,0,False,0.0,0.0
vedic,V18,2,0,0,2,0,0,0,0,False,0.0,0.0
vedic,V19,3,0,0,3,0,0,0,0,False,0.0,0.0
vedic,V20,2,0,0,2,0,0,0,0,False,0.0,0.0
vedic,V21,1,0,0,1,0,0,0,0,False,0.0,0.0
vedic,V22,2,0,0,2,0,0,0,0,False,0.0,0.0
vedic,V23,1,0,0,1,0,0,0,0,False,0.0,0.0
vedic,V24,2,0,0,1,0,0,0,0,False,0.0,0.0
wolke,V01,1,0,0,1,0,0,0,0,True,0.0,4.0
wolke,V02,2,0,0,1,0,0,0,0,True,0.0,4.0
wolke,V03,2,0,0,1,0,0,0,0,True,0.0,4.0
wolke,V04,2,0,0,1,0,0,0,0,True,0.0,4.0
wolke,V05,1,0,0,1,0,0,0,0,True,0.0,4.0
wolke,V06,2,0,0,1,0,0,0,0,True,0.0,4.0
wolke,V07,2,0,0,2,1,0,0,0,True,12.5,16.5
wolke,V08,1,0,0,1,1,0,0,0,True,25.0,29.0
wolke,V09,2,0,0,1,0,0,0,0,True,0.0,4.0
wolke,V10,1,0,0,1,0,0,0,0,True,0.0,4.0
wolke,V11,4,0,0,3,2,0,0,0,True,16.666666666666664,20.666666666666664
wolke,V12,2,0,0,2,1,0,0,0,True,12.5,15.5
wolke,V13,1,0,0,1,0,0,0,0,True,0.0,4.0
wolke,V14,2,0,0,1,0,0,0,0,True,0.0,4.0
wolke,V15,3,0,0,3,0,0,0,0,True,0.0,3.0
wolke,V16,3,0,0,2,1,0,0,0,True,12.5,16.5
wolke,V17,2,0,0,2,1,1,0,0,True,7.5,10.5
wolke,V18,2,0,0,2,0,0,0,0,True,0.0,4.0
wolke,V19,3,0,0,3,1,0,0,0,True,8.333333333333332,12.333333333333332
wolke,V20,2,0,0,2,0,0,0,0,True,0.0,4.0
wolke,V21,1,0,0,1,0,0,0,0,True,0.0,4.0
wolke,V22,2,0,0,2,0,0,0,0,True,0.0,4.0
wolke,V23,1,0,0,1,0,1,0,0,True,-10.0,-7.0
wolke,V24,2,0,0,1,1,0,0,0,True,25.0,29.0
xuemian,V01,1,0,0,1,0,0,1,0,True,0.0,5.0
xuemian,V02,2,0,0,1,1,0,2,0,True,25.0,30.0
xuemian,V03,2,0,0,1,1,0,1,0,True,25.0,30.0
xuemian,V04,2,0,0,1,0,0,2,0,True,0.0,5.0
xuemian,V05,1,0,0,1,0,0,1,0,True,0.0,4.0
xuemian,V06,2,0,0,1,1,0,1,0,True,25.0,30.0
xuemian,V07,2,0,0,2,0,0,1,0,True,0.0,5.0
xuemian,V08,1,1,0,1,1,0,0,0,True,85.0,95.0
xuemian,V09,2,0,0,1,0,0,2,0,True,0.0,4.0
xuemian,V10,1,0,0,1,0,1,0,0,True,-10.0,-6.0
xuemian,V11,4,0,0,3,1,1,1,0,True,4.999999999999998,8.999999999999998
xuemian,V12,2,0,0,2,0,0,2,0,True,0.0,5.0
xuemian,V13,1,0,0,1,0,0,1,0,True,0.0,4.0
xuemian,V14,2,1,0,1,0,0,0,0,True,27.75,37.75
xuemian,V15,3,0,0,3,1,0,1,0,True,8.333333333333332,13.333333333333332
xuemian,V16,3,0,0,2,0,0,2,0,True,0.0,5.0
xuemian,V17,2,0,0,2,0,1,1,0,True,-5.0,-1.0
xuemian,V18,2,1,0,2,0,0,0,0,True,27.75,37.75
xuemian,V19,3,0,0,3,1,0,0,1,True,8.333333333333332,13.333333333333332
xuemian,V20,2,0,0,2,0,0,2,0,True,0.0,4.0
xuemian,V21,1,0,0,1,0,0,1,0,True,0.0,5.0
xuemian,V22,2,1,0,2,1,0,0,0,True,42.5,52.5
xuemian,V23,1,0,0,1,0,1,1,0,True,-10.0,-5.0
xuemian,V24,2,0,0,1,0,0,1,0,True,0.0,5.0
